obs,lat,lon,altitude,time,air_temp,dew_point,rel_hum,mixing_ratio,air_press,air_rho,gpt,gpt_height,wind_speed,wind_dir,sensible_heat,latent_heat
0,46.812244,6.944007,494.2622845717234,2023-03-27 02:58:04.000000000,5.171054705882341,3.849853523525212,91.29356918718712,0.0052919077252368,95612.66834365323,1.1929270937555454,4846.680385503983,494.2238568220528,1.539159779670378,182.5618221379425,0.0,0.0
1,46.812244,6.944006,494.9030345093503,2023-03-27 02:58:04.380172413,5.170087322527479,3.8072091991740535,91.03074669962729,0.005276823220039,95603.0366493156,1.1928219167960372,4852.963018212215,494.8645070653296,1.65229308041174,185.1281238274128,-1.8098880388164915,-68.16128954161545
2,46.812244,6.9440045,497.57072154471547,2023-03-27 02:58:04.760344827,5.160454736585393,3.752925962054235,90.74934525983298,0.005258815705473,95568.92865853658,1.1924505668154763,4879.120007260888,497.5317776468915,1.6744548116592732,185.5780508285608,-4.327274648923348,-19.53859220865485
3,46.812244,6.9440017,500.414675925926,2023-03-27 02:58:05.140517241,5.1398194666666654,3.6789871643498486,90.41335558780727,0.0052334964679623,95537.1619212963,1.1921607808995338,4907.005294449319,500.3752855918504,1.6783529114348974,187.9118336013206,-8.693375133298263,-25.764133070549345
4,46.812244,6.9439993,503.1114558232932,2023-03-27 02:58:05.520689655,5.112560020481908,3.6632437675194183,90.48468437691882,0.0052290377209272,95510.12364457831,1.191943260680522,4933.447496503353,503.071639805984,1.692929050110712,189.3730513846155,-12.108578741450296,-4.783970411080859
5,46.812244,6.9439983,504.97436594202895,2023-03-27 02:58:05.900862068,5.091269612318854,3.664117458845851,90.62324367308474,0.0052302849286925,95489.89148550724,1.191780985898233,4951.713507194606,504.93425453081386,1.7426760920775677,192.8888386682674,-13.688460271094222,1.9369138976260765
6,46.812244,6.943999,507.8752037037037,2023-03-27 02:58:06.281034482,5.050405713333362,3.6437002281738273,90.7496524857544,0.005224516017266,95453.77222222222,1.1915092395751905,4980.15647571491,507.8346301453514,1.787405820684203,194.5097303358973,-16.86863099302782,-5.752236815160621
7,46.812244,6.9439993,510.57894230769233,2023-03-27 02:58:06.661206896,5.039277537500027,3.6114664198019,90.6164290927242,0.0052145390168251,95421.2528846154,1.1911581140588858,5006.666846346205,510.5379356198299,1.8535001180943464,196.7862343848019,-4.9271382979071285,-10.670393065372808
8,46.812244,6.9439993,512.9636057692308,2023-03-27 02:58:07.041379310,5.032804800000008,3.599438767994968,90.58157247926285,0.0052116163621841,95394.3125,1.1908515984613963,5030.04864128109,512.9222151581927,1.877836788185528,196.90703895805785,-3.24851295464942,-3.543148330964299
9,46.812244,6.944,515.5812916666666,2023-03-27 02:58:07.421551724,5.02265006250002,3.5737104065368612,90.4833990405402,0.0052036816424604,95367.92500000002,1.1905713297981604,5055.71521758575,515.5394775571424,1.9282282380138935,198.9171734289684,-4.641652781059582,-8.761035832662351
10,46.812244,6.944,518.1555288461539,2023-03-27 02:58:07.801724137,5.007308105769255,3.4102876812833074,89.56642339963929,0.0051463059411515,95340.61778846156,1.1903368912020242,5080.955755840617,518.1132961654201,2.008930471513133,200.0439127970007,-7.129649012727437,-64.41151865652375
11,46.812244,6.9439993,519.6919715447154,2023-03-27 02:58:08.181896551,5.0006740317073195,3.2853708768064394,88.83486173165929,0.0051027867582667,95321.36341463414,1.1901560584047728,5096.020651935878,519.6494880449367,2.16179738728288,200.83942236726816,-5.164567062152797,-81.8513913971253
12,46.812244,6.9439993,523.0825,2023-03-27 02:58:08.562068965,4.979232100000047,2.9641890022146526,86.98206506471898,0.0049919329591441,95279.88541666669,1.1898101818236686,5129.2649241425215,523.0394603807133,2.301143062312032,201.1462695495458,-7.562062417345885,-94.46813999364085
13,46.812244,6.9439993,525.35475,2023-03-27 02:58:08.942241379,4.968624200000022,2.9394641312864564,86.89551337405658,0.0049845603731217,95254.97125,1.1895497190910291,5151.544409842435,525.3113356592145,2.3287074620692447,204.0198056053078,-5.581127775320354,-9.373934574028125
14,46.812244,6.9439993,527.8394791666667,2023-03-27 02:58:09.322413793,4.959873075000019,2.912818991489246,86.78637465161057,0.0049768981756619,95223.390625,1.1891982516685942,5175.907242503347,527.7956532050545,2.382392013660465,206.041533366954,-4.209254192848055,-8.906572837337011
15,46.81225,6.943999,530.7657291666667,2023-03-27 02:58:09.702586206,4.950053953125007,2.883564556005922,86.66786804777765,0.0049688304289362,95182.36875,1.188733706940128,5204.599173741086,530.7214159515315,2.453814130921482,206.73589286218905,-4.008776677006964,-7.960022292748348
16,46.81225,6.943999,532.6975,2023-03-27 02:58:10.082758620,4.93794170000001,2.8638943428477432,86.62107878187682,0.0049633554941595,95154.9875,1.188447417101779,5223.540205287372,532.6528636473589,2.594424488393841,208.740060980354,-7.488854046127365,-8.180842775392563
17,46.81225,6.9439993,535.6187499999999,2023-03-27 02:58:10.462931034,4.921599000000015,2.8432081298327603,86.593356430392,0.0049579682694672,95118.68333333336,1.1880676564415302,5252.183067686478,535.5736227648054,2.647914115095815,209.5220117781117,-6.679782440863875,-5.321535469764668
18,46.812244,6.9439993,537.885,2023-03-27 02:58:10.843103448,4.912179500000036,2.834123450051493,86.59452657283417,0.0049560834587607,95093.26666666666,1.1877917696634237,5274.403635575051,537.8394900985609,2.6099989679446285,213.278663639164,-4.96165321443601,-2.3994008109777507
19,46.812244,6.943999,540.4738333333333,2023-03-27 02:58:11.223275862,4.902460908333353,2.8194346690389693,86.56360070684775,0.0049525700490376,95061.94666666668,1.18744457061962,5299.7871117596505,540.4278843192783,2.6216225265434066,215.11020998623812,-4.480006574336593,-3.9141994589232496
20,46.812244,6.943999,542.922,2023-03-27 02:58:11.603448275,4.890348750000044,2.8130309826312327,86.59702488217884,0.0049518986849721,95030.685,1.1871062496607745,5323.7913341413005,542.875633793528,2.6297922024421454,217.08288017333177,-5.902502940425844,-0.7907030445214178
21,46.812244,6.9439983,545.38675,2023-03-27 02:58:11.983620689,4.873248799999999,2.8006561122487597,86.62404831342482,0.0049486803398754,95007.8375,1.1868961178128017,5347.958137079436,545.3399618707139,2.6462249211307145,218.1384528006129,-8.275623731064643,-3.764270582598004
22,46.812244,6.9439983,548.0061666666668,2023-03-27 02:58:12.363793103,4.875471600000026,2.7885503108986427,86.53767906872882,0.0049457216395162,94984.94333333331,1.18660275441357,5373.641421700851,547.9589280438123,2.74495924488014,218.9028360716355,1.0119690155657366,-3.255463335115288
23,46.812244,6.9439983,550.4808333333333,2023-03-27 02:58:12.743965517,4.861254325000004,2.767034795021914,86.49228179233904,0.0049395986883723,94957.89375,1.1863298686314334,5397.905418423324,550.4331671287671,2.8104651431538947,218.94422299684152,-6.849694183579356,-7.129589638175951
24,46.812244,6.943999,553.225625,2023-03-27 02:58:13.124137931,4.845726000000013,2.7554732009922986,86.51483143268234,0.0049375076862425,94919.3,1.185915426174172,5424.817956674085,553.1774822874361,2.8855278531843216,218.37454335386604,-6.742718139851396,-2.1944078075998683
25,46.812244,6.943999,555.5925,2023-03-27 02:58:13.504310344,4.832986249999976,2.7479370042620985,86.54512354356915,0.0049359803727008,94896.86875,1.1856905830603297,5448.025023180568,555.5439444846678,2.935786155014231,217.56291750580323,-6.413912274019802,-1.8584220387380508
26,46.812244,6.943999,557.9375,2023-03-27 02:58:13.884482758,4.820417500000019,2.7359283358604216,86.54734017132897,0.0049331217250887,94870.48125,1.1854165121519855,5471.017589590987,557.8885337593355,2.920654695719097,217.6914412425213,-6.385373051618509,-3.510029286814007
27,46.812244,6.9439983,560.303125,2023-03-27 02:58:14.264655172,4.8154176625000105,2.7171181561890876,86.46347336966296,0.0049280040686108,94843.7625,1.1851076355345898,5494.212365544782,560.253742668983,2.9574800973247863,218.3197299375741,-2.5172934533881373,-6.227424409551987
28,46.812244,6.9439983,563.2416666666667,2023-03-27 02:58:14.644827586,4.792608383333345,2.7005127670142315,86.4989380291444,0.0049239409543049,94808.63333333332,1.1847687727003424,5523.024522468078,563.191765023538,3.0012514434495583,218.9738384254765,-9.2422852467843,-3.979148917206909
29,46.812244,6.9439983,565.2616666666667,2023-03-27 02:58:15.025000000,4.773914750000017,2.6932368156149664,86.5662049777278,0.0049227428701507,94780.75833333332,1.184500931391944,5542.830439209175,565.2114064649166,3.0299555797674627,220.3492843969375,-11.01650456678466,-1.70648722606315
30,46.812244,6.943998,568.2995833333333,2023-03-27 02:58:15.405172413,4.7618875,2.6835458173537177,86.5792009381569,0.0049211982879083,94744.72916666666,1.1841030014680225,5572.61691282103,568.2487814718615,3.0840671204749457,221.09227706681972,-4.711357126932601,-1.4623708739515688
31,46.812244,6.943998,570.418125,2023-03-27 02:58:15.785344827,4.748584875000006,2.677190915039148,86.62004408178777,0.0049199034780725,94725.625,1.1839218155518665,5593.388988289197,570.3669436850706,3.166552123278241,221.95815239900787,-7.471183847999522,-1.7576244918652997
32,46.812244,6.943998,572.879375,2023-03-27 02:58:16.165517241,4.7304821000000175,2.666308723250495,86.66212298261101,0.0049175513959683,94696.25,1.1836334321397568,5617.521265090768,572.8277510761338,3.2904525081837472,223.15885164358497,-8.749287944347671,-2.747575535102259
33,46.812244,6.943998,575.6116666666667,2023-03-27 02:58:16.545689655,4.720253816666684,2.656316864358814,86.66263986444824,0.0049155046902098,94668.16666666666,1.1833274183568183,5644.311052774581,575.559549160476,3.369420851850112,224.5613843092812,-4.451913132118634,-2.153132970163981
34,46.812244,6.9439983,578.3366666666666,2023-03-27 02:58:16.925862068,4.697313800000018,2.636270482538123,86.67810173715765,0.0049096596266657,94644.69999999998,1.1831359042158505,5671.02932361742,578.2840545565938,3.433483616222876,224.6879541770286,-10.009858036128865,-6.164506922938296
35,46.812244,6.9439983,580.8299999999999,2023-03-27 02:58:17.306034482,4.687652000000014,2.6229192372249486,86.6549302767105,0.0049061783739332,94622.16666666669,1.1828978260702396,5695.47611283557,580.776933288694,3.507802860565486,225.1814612599171,-4.6067112942537545,-4.011875571302085
36,46.812244,6.9439983,583.545,2023-03-27 02:58:17.686206896,4.666989200000046,2.596071446819053,86.61570781850278,0.0048985759249732,94588.30833333332,1.1825678962607802,5722.096291318346,583.4914360478192,3.584688050955072,225.75155912759556,-9.045060680107364,-8.043768537270946
37,46.812244,6.9439983,585.2958333333333,2023-03-27 02:58:18.066379310,4.66054790000004,2.5824516087139955,86.57173409604871,0.0048950734000135,94565.075,1.1823073323217932,5739.262944388943,585.2419474936847,3.67151437039388,226.1298888498432,-4.371446473554761,-5.745415157544442
38,46.812244,6.9439983,588.2316666666667,2023-03-27 02:58:18.446551724,4.654223300000012,2.558812337708048,86.46644152946932,0.0048887846134918,94529.65,1.1818958222533325,5768.048320011506,588.1772389155834,3.762647401687364,226.2808610910053,-2.558862359015845,-6.149976904542382
39,46.812244,6.9439983,590.0766666666667,2023-03-27 02:58:18.826724137,4.645790316666648,2.5390201438884787,86.39702920143637,0.0048829872449739,94509.8,1.1816876368620652,5786.138235907548,590.0218969686435,3.777966327051751,226.92638349037543,-5.428172307640974,-9.01989089913193
40,46.812244,6.9439983,593.4758333333334,2023-03-27 02:58:19.206896551,4.621397999999999,2.495435270471887,86.27888285686006,0.0048702971431968,94464.1,1.1812289725791312,5819.46646809898,593.4204308401931,3.7760389651649247,227.27275432352667,-8.51884551432205,-10.712696026597438
41,46.812244,6.9439983,595.3525,2023-03-27 02:58:19.587068965,4.615327200000024,2.478771198623008,86.21451386620943,0.0048659546072406,94437.5,1.1809252509533517,5837.86683990787,595.2967465860279,3.767650188504584,227.78748682571543,-3.839257629781348,-6.638318699027521
42,46.812244,6.9439983,598.1241666666666,2023-03-27 02:58:19.967241379,4.600364400000046,2.45157059683811,86.13950166150933,0.0048581480469813,94407.25,1.180616116836044,5865.042502380716,598.0678929482256,3.759675271931561,228.4924997614261,-6.405405693502803,-8.078153151659402
43,46.812244,6.943998,600.6441666666667,2023-03-27 02:58:20.347413793,4.578706716666659,2.4207796140240134,86.08243248177617,0.0048488376431979,94381.64166666666,1.1803945140095142,5889.750600671328,600.5874177901045,3.772263465986266,228.9396350406891,-10.195410176898823,-10.59466461633098
44,46.812244,6.943998,603.145,2023-03-27 02:58:20.727586206,4.568049999999971,2.3939537926211756,85.98391680187409,0.0048410727853183,94354.2,1.1801021206849691,5914.270754245986,603.0877776045833,3.7888028437842673,230.50537235483247,-5.053872978698824,-8.901594114393523
45,46.812244,6.943998,605.4875,2023-03-27 02:58:21.107758619,4.562409249999973,2.347280591296226,85.73655974185766,0.0048266247324655,94327.2,1.1797986880648288,5937.238464738258,605.4298322809785,3.8425688414157166,231.20204776614176,-2.855165078740538,-17.678551040770078
46,46.812244,6.943998,607.9350000000001,2023-03-27 02:58:21.487931034,4.548101900000006,2.308150193724657,85.5862561363615,0.0048146814268573,94300.30416666668,1.1795315435588969,5961.235659647744,607.876865152498,3.8917138995764353,231.6805526331659,-6.929663118645348,-13.98401388649105
47,46.812244,6.943998,610.5225,2023-03-27 02:58:21.868103448,4.5313461000000075,2.276345325437262,85.49448636339329,0.0048054500119151,94268.74166666668,1.1792144532250828,5986.605503427623,610.463869254804,3.9541051954704742,232.7577125762704,-7.674386451411068,-10.221398063071248
48,46.812244,6.943998,613.0925,2023-03-27 02:58:22.248275862,4.514706799999999,2.2290501876389612,85.30914899933698,0.0047908498507311,94240.70833333331,1.1789448079491835,6011.8037432806095,613.0333746264637,4.025715076904773,233.5597021406033,-7.671167480398613,-16.27263547683691
49,46.812244,6.9439974,615.5687499999999,2023-03-27 02:58:22.628448275,4.515390400000001,2.2054737768403356,85.1642151296482,0.004784102419733,94218.1,1.1786638910799871,6036.082767369114,615.5091460762966,4.105780524525656,234.5953329341345,0.3270119370509495,-7.803385530078012
50,46.812244,6.9439974,618.0487499999999,2023-03-27 02:58:23.008620689,4.497436250000021,2.185902233079048,85.15273055811613,0.0047787881608088,94190.88333333336,1.178403366205087,6060.398540331423,617.9886648683723,4.175215859138688,235.7150768184446,-8.573797157797658,-6.135349949107207
51,46.812244,6.9439974,620.6083333333333,2023-03-27 02:58:23.388793103,4.488032150000038,2.1683868403528663,85.10344122830753,0.0047745036393735,94158.46666666666,1.1780407466283422,6085.494587861412,620.5477495231718,4.24245768603308,237.84428573502584,-4.349850581264271,-4.791283209558193
52,46.812244,6.9439974,623.1837499999999,2023-03-27 02:58:23.768965517,4.49145180000005,2.128628322811892,84.84650760351086,0.0047629366281342,94125.16666666669,1.1776178591202864,6110.745856702397,623.1226623467135,4.296313713791578,238.54988496346743,1.5714645978972448,-12.851190885106446
53,46.812244,6.9439974,625.58375,2023-03-27 02:58:24.149137931,4.482302950000019,2.098145407423715,84.71860215714587,0.0047540875530109,94097.7,1.1773192997620543,6134.277193815199,625.5221909434108,4.326688700566929,239.53868897872368,-4.510405526669461,-10.547634297220217
54,46.812244,6.9439974,628.1158333333333,2023-03-27 02:58:24.529310344,4.473325100000011,2.044738751884438,84.45418318140874,0.0047376040187745,94070.675,1.1770309330017252,6159.103552269148,628.0537749658802,4.350553404162069,240.73040742711575,-4.194191817406453,-18.618527307548018
55,46.812244,6.9439974,630.2166666666667,2023-03-27 02:58:24.909482758,4.468653166666684,2.00187989120019,84.22744898446685,0.0047250831118447,94036.16666666669,1.1766278640372445,6179.70161185523,630.1541924974615,4.394908657637368,242.375669819474,-2.6297243507904184,-17.04044623493475
56,46.812244,6.943998,633.2620833333333,2023-03-27 02:58:25.289655172,4.449505600000009,1.9347739444833678,83.94229227630365,0.0047045871606701,93999.05416666664,1.1762591523945378,6209.561012022819,633.1990039435301,4.421239644101803,243.41010962038987,-7.432517621707128,-19.236953348883976
57,46.812244,6.943998,635.2125000000001,2023-03-27 02:58:25.669827586,4.449904200000049,1.8860779635056701,83.6534770035204,0.0046893470023142,93982.68333333332,1.1760634300117052,6228.684249448957,635.149031468336,4.447811860482637,244.31666166886288,0.2415498112125805,-22.331618071077912
58,46.812244,6.943998,637.6612500000001,2023-03-27 02:58:26.050000000,4.447424300000023,1.816543457194939,83.26033558878152,0.0046679270818155,93953.51249999998,1.175724095123994,6252.69347580747,637.5972912062193,4.518167863907225,245.4856868668988,-1.1966336189551754,-24.99320992709404
59,46.812244,6.943998,640.3141666666667,2023-03-27 02:58:26.430172413,4.432974400000035,1.7288599470988402,82.83175920541967,0.0046407211384974,93921.3125,1.1754015949370151,6278.704471477493,640.2496746062614,4.5616709183893525,246.40537123784577,-6.434185400049346,-29.29481023395062
60,46.812244,6.943998,642.8783333333333,2023-03-27 02:58:26.810344827,4.424765999999977,1.6541379265312344,82.4457919128229,0.0046175639165811,93896.225,1.1751387372808175,6303.845281277029,642.8133237422595,4.618810289563316,247.1713473962443,-3.7806586370431017,-25.793801534958323
61,46.812244,6.943998,645.2025,2023-03-27 02:58:27.190517241,4.416728599999999,1.5723134362646078,82.0179537158439,0.0045921261902491,93872.9,1.1748988662227806,6326.632952585469,645.1370195311823,4.683119545092421,247.8118725344268,-4.083333585420565,-31.254929149650863
62,46.812244,6.943998,648.1937499999999,2023-03-27 02:58:27.570689655,4.412797500000011,1.4785667909339963,81.50054176681738,0.0045636790111689,93835.94166666668,1.174473099022054,6355.961126759705,648.1276610014332,4.784482662528049,248.61962574985472,-1.551209713519282,-27.149377452919094
63,46.812244,6.943998,650.2858333333334,2023-03-27 02:58:27.950862068,4.40898036666664,1.4227284789638475,81.20160341539406,0.0045472455260233,93804.775,1.1741108167521292,6376.473265606849,650.2193170559619,4.840544327623206,249.4008856076393,-2.152947806411434,-22.41865198667243
64,46.812244,6.943998,653.3599999999999,2023-03-27 02:58:28.331034482,4.4052772000000004,1.3477519420036401,80.79318029452165,0.0045249825910965,93768.89166666666,1.1736931570547102,6406.614360494616,653.2928533693582,4.89979410416243,250.01243628425544,-1.4209097152553256,-20.662174221602392
65,46.812244,6.9439974,655.7108333333333,2023-03-27 02:58:28.711206896,4.409380750000025,1.3012935187276753,80.50547100877218,0.004511612327698,93739.93333333332,1.173322852285083,6429.66341338731,655.6432026622048,4.929145323455864,250.50341642852305,2.058360695688518,-16.22248931283663
66,46.812244,6.9439974,658.0666666666666,2023-03-27 02:58:29.091379310,4.41348430000005,1.2629068371668382,80.26468304737763,0.004500510015624,93717.8,1.1730363598093922,6452.761472333504,657.9985491817802,4.947587044232746,251.34087804033092,2.053490521853396,-13.439179886618437
67,46.812244,6.9439974,660.61625,2023-03-27 02:58:29.471551724,4.406216350000022,1.2232981574420592,80.0803570894863,0.0044891834242439,93690.975,1.1727393369270591,6477.759157801409,660.5476036976347,4.958256754428267,251.69004071307768,-3.3597756175075277,-12.66582947230875
68,46.812244,6.9439974,663.2454166666666,2023-03-27 02:58:29.851724137,4.399119400000018,1.2135074424444383,80.06498016166279,0.004487693595892,93656.475,1.1723384946900273,6503.537106291607,663.1762228989112,4.955249848607826,252.0961246149296,-3.180333877004229,-1.6150233515524994
69,46.812244,6.9439974,665.7208333333333,2023-03-27 02:58:30.231896551,4.395926950000046,1.2068268349503342,80.04524304200831,0.0044868813177778,93628.98333333334,1.1720084122368624,6527.807576816782,665.6511221280235,4.951978754348689,251.9935512137393,-1.5190518014838064,-0.9349660230367712
70,46.812244,6.943997,668.2650000000001,2023-03-27 02:58:30.612068965,4.392848500000014,1.2051374577444562,80.0531622407388,0.0044877129036943,93600.22916666669,1.1716608717147654,6552.7520939043625,668.1947549779346,4.925427435814573,251.8066403449942,-1.4248020599741251,0.9310481560836265
71,46.812244,6.943997,670.875,2023-03-27 02:58:30.992241379,4.389884050000035,1.2084766492619679,80.08869250618937,0.0044903483032558,93567.175,1.1712577494844167,6578.342059243043,670.8042052324743,4.951145793987645,251.67355794184977,-1.3369715366420931,2.8751836536335587
72,46.812244,6.943997,673.3745833333332,2023-03-27 02:58:31.372413793,4.394329600000049,1.203636637568252,80.03637917225547,0.0044903112356233,93536.9625,1.170860859134972,6602.849415354913,673.3032600689239,4.949173864980567,251.50891412791745,2.0928072391221413,-0.0422122542266263
73,46.812244,6.943997,675.3108333333333,2023-03-27 02:58:31.752586206,4.396694649999972,1.186829679582047,79.92763299766891,0.0044857100925055,93522.35,1.170671261096058,6621.8335134361605,675.2390993291451,4.98157822987204,251.36706686449745,1.437076589482905,-6.763123243236339
74,46.812244,6.943997,678.3570833333333,2023-03-27 02:58:32.132758620,4.3793704000000275,1.1532253094142675,79.83267621767644,0.004476606722768,93487.875,1.1703192139760594,6651.700660476487,678.2847007363869,4.995583555849833,250.85486497950055,-6.6889707528729305,-8.502662360861105
75,46.812244,6.943997,680.3945833333335,2023-03-27 02:58:32.512931034,4.366347500000018,1.1394351761074972,79.82658286963526,0.0044735988581589,93457.80833333332,1.169999841889848,6671.677439608977,680.3217652928347,5.02010098114824,250.33725680182272,-7.515570500932599,-4.199191341584008
76,46.812244,6.943997,683.4024999999999,2023-03-27 02:58:32.893103448,4.3523832666666635,1.1218293036175169,79.80423508733877,0.0044694960135718,93425.35,1.1696552326227896,6701.168698117608,683.3290367370721,5.055944720602649,250.0927902036696,-5.45726730489205,-3.878818012306272
77,46.812244,6.943997,685.375,2023-03-27 02:58:33.273275862,4.352555066666696,1.114775832460623,79.76337679393214,0.0044680302956522,93409.6,1.169458369652736,6720.508150729932,685.3011120749626,5.090104909399291,249.95951166618227,0.1023662928498452,-2.112724306902403
78,46.812244,6.943997,687.85,2023-03-27 02:58:33.653448275,4.352612899999997,1.112653028151783,79.75113715977537,0.0044688926254999,93377.8625,1.1690601819951425,6744.7743670697855,687.7755774979005,5.136394350153661,249.77463397087277,0.0274540203747863,0.990284591903965
79,46.812244,6.943997,690.4008333333334,2023-03-27 02:58:34.033620689,4.350163466666686,1.106727202920581,79.73168157774593,0.0044686340499845,93344.07916666666,1.1686477114080027,6769.784073970708,690.3258578587702,5.188431591624528,249.72527612452623,-1.1278029203045457,-0.2880140042008176
80,46.812244,6.943997,692.8841666666667,2023-03-27 02:58:34.413793103,4.345548000000008,1.0910612574638208,79.66939508843927,0.0044649419077163,93317.39166666666,1.168335604044805,6794.131956214705,692.8086508863582,5.239975869402625,249.7194805907246,-2.1822991031384227,-4.223158737414527
81,46.812244,6.943997,695.2866666666666,2023-03-27 02:58:34.793965517,4.338681000000008,1.0696023966185066,79.58611907496257,0.0044592965548627,93293.03333333333,1.1680635289286223,6817.687288618478,695.2106263217795,5.2791435775017295,250.0269946160398,-3.355337238052304,-6.673053114532282
82,46.812244,6.943997,698.22875,2023-03-27 02:58:35.174137931,4.336201000000017,1.0379899985300085,79.4215743744553,0.004450620178081,93266.08333333334,1.167742681706301,6846.5329463149565,698.1520648044905,5.327979657073521,250.38142755084712,-0.9892588108938756,-8.372732231592948
83,46.812244,6.943997,700.1324999999999,2023-03-27 02:58:35.554310344,4.333977500000003,1.0153601666111172,79.30680153101632,0.0044447231024741,93240.38333333332,1.167434417447697,6865.198250033531,700.0553960866893,5.346228223311003,251.11546219522688,-1.3703319129777791,-8.792293716408498
84,46.812244,6.943997,703.2962499999999,2023-03-27 02:58:35.934482758,4.315680000000043,0.9853322033342806,79.23838974732465,0.004437054904579,93200.79166666669,1.1670210468189566,6896.217190319475,703.2184477185864,5.352594874159055,251.27680733130387,-6.783195714639662,-6.877310353994189
85,46.812244,6.943997,705.245,2023-03-27 02:58:36.314655172,4.305505000000039,0.9757207004644215,79.24049824804186,0.0044347852122615,93183.63333333332,1.166850560992529,6915.3236656324825,705.16676598354,5.344029965078897,251.27511258411704,-6.122934178518507,-3.304297763169431
86,46.812244,6.9439974,708.2475,2023-03-27 02:58:36.694827586,4.300289000000021,0.963234076375727,79.19981483954481,0.0044329802521003,93138.83333333331,1.1663127443376762,6944.761586068295,708.1685984580153,5.352004676180214,251.44617991603357,-2.0362713441590783,-1.7047255298317183
87,46.812244,6.9439974,710.36,2023-03-27 02:58:37.075000000,4.294748220833355,0.959660358614201,79.21040818253363,0.0044332235675232,93109.55,1.1659691496250697,6965.473511759122,710.2806271009083,5.39220617874946,252.11350065502387,-3.0734577330584743,0.3265242907002007
88,46.812244,6.9439974,713.30125,2023-03-27 02:58:37.455172413,4.2778392666666605,0.95623628970867,79.28407158686414,0.0044333224658087,93082.44166666668,1.1657006236821932,6994.310862297279,713.2212184892169,5.40036929326436,252.82813203421432,-6.7350046102797805,0.0953013862551991
89,46.812244,6.9439974,715.1583333333333,2023-03-27 02:58:37.835344827,4.270458000000019,0.951850399982618,79.3003458765273,0.0044327173078479,93065.23333333334,1.1655165280861497,7012.518536803796,715.0778845787089,5.395495203702104,253.49355973491816,-4.655689426808845,-0.9234457365590046
90,46.812244,6.943997,718.1308333333334,2023-03-27 02:58:38.215517241,4.2587725000000205,0.9440306595429888,79.32087526051322,0.0044316213750983,93035.15,1.165189598702035,7041.662232395764,718.0497144688312,5.359821588225881,253.8785773730235,-4.603499468767002,-1.0445156754157618
91,46.812244,6.943997,720.4841666666666,2023-03-27 02:58:38.595689655,4.2482555000000275,0.9351499908758001,79.3286382521165,0.0044301867837666,93005.39166666663,1.1648620615417216,7064.735326706202,720.4025153040235,5.321433514312922,254.48297502935185,-5.231774181051007,-1.7265401102627922
92,46.812244,6.943997,722.9629166666666,2023-03-27 02:58:38.975862068,4.241129999999998,0.9187965427793188,79.27650475830734,0.004426550757186,92973.27916666667,1.1644923053397391,7089.0380416009175,722.8807025437757,5.308824894068758,254.8869909409918,-3.3642270786919823,-4.153273709509674
93,46.812244,6.9439974,725.8945833333333,2023-03-27 02:58:39.356034482,4.225773891666677,0.8967138312328302,79.23792371817083,0.0044211678748203,92938.95,1.1641304966190125,7117.781318870757,725.8117011283932,5.273067646672641,254.9546749760338,-6.128219416823259,-5.197152659155979
94,46.812244,6.9439974,728.0025,2023-03-27 02:58:39.736206896,4.210473000000036,0.8741479782332817,79.19655789391769,0.0044152397918751,92912.975,1.163873434174138,7138.448192725201,727.9191357624878,5.239242593088578,255.455899826382,-8.490536234034394,-7.95856902328924
95,46.812244,6.9439974,730.7262499999999,2023-03-27 02:58:40.116379310,4.194370000000049,0.8488440683133263,79.14519215804391,0.0044087938024789,92879.9875,1.1635321867172983,7165.152927200721,730.6422608332837,5.163428769406189,256.16698754330173,-6.913277869380189,-6.695368633776637
96,46.812244,6.9439974,733.1970833333332,2023-03-27 02:58:40.496551724,4.182314000000019,0.832623198618478,79.12084963479666,0.0044047507312199,92856.79583333334,1.1632950281599417,7189.377945718061,733.1125252474659,5.1117839854358325,256.479303097476,-5.704475528010742,-4.628455576088573
97,46.812244,6.9439974,735.55,2023-03-27 02:58:40.876724137,4.18182900000005,0.8234704131708099,79.07243377647364,0.0044031647999114,92830.21666666667,1.1629651956165885,7212.446845510897,735.4648983608977,5.0687424931991965,256.9514397067944,-0.2409172915060197,-1.9060103821933272
98,46.812244,6.9439974,738.0433333333333,2023-03-27 02:58:41.256896551,4.178210700000022,0.8126766999681081,79.03341916613256,0.0044010519790633,92803.475,1.1626467690697435,7236.892425665103,737.9576538027873,5.039355427108966,257.78887206454425,-1.695657284176595,-2.3955896956463403
99,46.812244,6.943997,741.1770833333333,2023-03-27 02:58:41.637068965,4.166072550000024,0.8069860540700233,79.06876072617993,0.004401136550753,92762.70833333331,1.1621868058950615,7267.6168651049375,741.090674705933,5.006048098689606,258.2822184005786,-4.524078744911506,0.0762640378282329
100,46.812244,6.943997,743.1933333333333,2023-03-27 02:58:42.017241379,4.165444999999977,0.8030918091314447,79.05025279396827,0.0044012620672412,92734.63333333336,1.161837619008638,7287.384906856353,743.1064539732073,4.967725672478254,258.80172756349793,-0.3634255443510567,0.1758672353502812
101,46.812244,6.943997,745.8858333333334,2023-03-27 02:58:42.397413793,4.139797500000043,0.7858093208359378,79.0943642600151,0.0043970254008121,92706.55,1.1615961105932395,7313.783127808005,745.7983233630246,4.934689406193274,259.15685425916865,-11.120147234046756,-4.444353441344787
102,46.812244,6.943997,747.7158333333334,2023-03-27 02:58:42.777586206,4.119851666666648,0.7671879944130637,79.10076156951993,0.0043918679218402,92690.0,1.1614758113753694,7331.725081374009,747.6278934573998,4.901078454015453,259.54221504621853,-12.722642606099528,-7.959494528005633
103,46.812244,6.943997,750.7816666666666,2023-03-27 02:58:43.157758620,4.108455000000049,0.7404627560219978,79.01843278494283,0.0043847593344313,92663.05,1.161190612014149,7361.7835496514035,750.6930042013739,4.8598954496745925,259.668081887265,-4.338093238368127,-6.546852080067177
104,46.812244,6.943997,752.7966666666666,2023-03-27 02:58:43.537931034,4.099905000000035,0.7239302044910119,78.97669531515243,0.0043808296210986,92636.44166666664,1.160895562356819,7381.539276264308,752.7075276740078,4.827728420285572,260.1383506444501,-4.950513818085462,-5.505261974595629
105,46.812244,6.943997,755.8575000000001,2023-03-27 02:58:43.918103448,4.082805000000008,0.6887291132762243,78.87586578834097,0.0043715925924522,92598.45,1.1604973862483736,7411.548674905837,755.7676347076563,4.832358167229141,261.11184519647725,-6.515783663937852,-8.516114412242173
106,46.812244,6.943997,757.9133333333334,2023-03-27 02:58:44.298275862,4.0685550000000035,0.6630244937611565,78.81122738511789,0.004364675364975,92574.275,1.1602588280630752,7431.704712712865,757.8229785617785,4.820468508085787,262.2121510732669,-8.08254077408945,-9.49315853939904
107,46.812244,6.943997,760.9779166666667,2023-03-27 02:58:44.678448275,4.057155000000023,0.6352561378192263,78.72183069129076,0.0043577563079332,92537.375,1.1598487462831313,7461.750829184392,760.8868297720825,4.81566337000138,262.51331069278353,-4.336115432603472,-6.367874765825627
108,46.812244,6.943997,762.8270833333333,2023-03-27 02:58:45.058620689,4.048607500000003,0.6216056882778958,78.69572673683635,0.0043545564320359,92514.6,1.1596011393617247,7479.88061325485,762.7355532475259,4.795540339225425,262.7761054061596,-5.386885547933837,-4.879639841283098
109,46.812244,6.943997,765.6591666666667,2023-03-27 02:58:45.438793103,4.0400600000000395,0.5903387957123982,78.5726180167259,0.0043462580644522,92484.8,1.1592689854874496,7507.647186393684,765.5669557283766,4.774996212936391,263.4886842965734,-3.5162792685199475,-8.26033927760803
110,46.812244,6.943997,768.0783333333334,2023-03-27 02:58:45.818965517,4.028660000000002,0.5637019221350101,78.4861551368438,0.0043390589721797,92461.725,1.1590324429320482,7531.365384199219,767.9855388128688,4.816581024196334,263.9260178641143,-5.4890946050316805,-8.387668782744452
111,46.812244,6.943997,770.7304166666668,2023-03-27 02:58:46.199137931,4.014409999999998,0.5368085809366221,78.41508825153477,0.0043318553777779,92436.84583333334,1.1587851259642477,7557.367142485496,770.6369802619138,4.847830991416081,264.337388787668,-6.257439680207032,-7.654290752972031
112,46.812244,6.943997,773.235,2023-03-27 02:58:46.579310344,3.997312500000021,0.5032506917094679,78.32501908200732,0.0043229038311206,92405.4375,1.158468950517052,7581.922750071516,773.1409553794126,4.87043975796777,264.42160897671533,-7.947812009665045,-10.069176069332936
113,46.812244,6.943997,775.5783333333334,2023-03-27 02:58:46.959482758,3.9859149999999772,0.4726469032481191,78.21694030108578,0.004314884091964,92374.71666666666,1.1581370291430084,7604.8974018358895,775.483717868578,4.962724385102229,265.1805125778307,-5.661109298835588,-9.639186928141536
114,46.812244,6.943997,777.9425,2023-03-27 02:58:47.339655172,3.980215000000044,0.42962316786662313,78.01529729505386,0.004302797330239,92350.93333333336,1.15787087712826,7628.076291876106,777.847306865862,5.074468269886652,266.42392969156066,-2.8055819469704955,-14.396435583476777
115,46.812244,6.9439964,780.4720833333333,2023-03-27 02:58:47.719827586,3.971664999999973,0.4096694198388491,77.95368609263818,0.0042978628145227,92324.88333333332,1.1575833210183708,7652.876949809671,780.3762701645996,5.155643461896471,267.3240162196852,-3.932198615719789,-5.491843381529127
116,46.812244,6.943997,783.03125,2023-03-27 02:58:48.100000000,3.971664999999973,0.3970612999834202,77.88434192230804,0.0042955813491656,92291.525,1.157166657183028,7677.967629945148,782.9348074974786,5.282431038035913,269.2847314872772,0.0,-2.508907659256603
117,46.812244,6.943997,785.9875,2023-03-27 02:58:48.480172413,3.9374683333333564,0.36024239722263474,77.86811294355942,0.0042857974475023,92255.375,1.1568628294551282,7706.951384605444,785.8903279514865,5.351929396700033,270.34133795931655,-13.44901710637594,-9.31175334189795
118,46.812244,6.943997,788.0008333333333,2023-03-27 02:58:48.860344827,3.9089700000000107,0.3342344635675545,77.88085811197709,0.0042785582974615,92236.40833333334,1.1567488643816328,7726.6905520535665,787.9031628592401,5.428195655240931,271.91431037945915,-16.455418109455245,-10.11572496216071
119,46.812244,6.943997,791.03625,2023-03-27 02:58:49.240517241,3.881896250000011,0.30572190614725514,77.8716295799212,0.0042713846863713,92200.225,1.1564129661941054,7756.450428018652,790.9378256610211,5.465049247003766,273.8247631872225,-10.3659501071951,-6.64698556727299
120,46.812244,6.943997,793.0012499999999,2023-03-27 02:58:49.620689655,3.873348750000048,0.2961282770597222,77.8630561106834,0.0042695698161465,92175.375,1.1561382795976751,7775.715694273095,792.9023360957203,5.534435660942451,274.9658240169399,-5.054199696990082,-2.597101710428316
121,46.812244,6.943997,795.8283333333334,2023-03-27 02:58:50.000862068,3.8519783333333066,0.271904343285712,77.84129334698785,0.004263317001662,92148.51666666668,1.155895021578058,7803.432982866955,795.7287129516151,5.569997679663088,275.51174106436366,-8.781300406856706,-6.218060912307052
122,46.812244,6.943997,797.7116666666666,2023-03-27 02:58:50.381034482,3.8348799999999983,0.2533202174467988,77.82849297521078,0.0042584578096094,92129.25,1.1557281354109257,7821.897544638624,797.6115742520253,5.628275348314821,276.18639095714343,-10.54504249193564,-7.252654814309221
123,46.812244,6.9439974,800.55125,2023-03-27 02:58:50.761206896,3.8092300000000137,0.22452086807544447,77.8071380450757,0.0042510544788181,92097.0125,1.1554358719498834,7849.737344415779,800.4504437719078,5.711624097558405,276.9993676144191,-10.489255383509898,-7.327032815942875
124,46.812244,6.9439974,802.9883333333332,2023-03-27 02:58:51.141379310,3.793557083333326,0.20360316948483614,77.77412059608281,0.0042461351077367,92064.38333333332,1.1550953613344626,7873.630939976526,802.8869124498709,5.811635320133411,277.9879491351694,-7.465576436430336,-5.671162958426181
125,46.812244,6.9439974,805.4816666666667,2023-03-27 02:58:51.521551724,3.7778866666666886,0.18757068877653182,77.76586896105542,0.0042426741522339,92032.20833333331,1.1547595656835234,7898.07600151737,805.379615007915,5.856861673447883,278.5544661638719,-7.293866856336606,-3.89875502872853
126,46.812244,6.9439974,807.9129166666667,2023-03-27 02:58:51.901724137,3.752239999999972,0.15726944527790465,77.73427261108208,0.0042345709383677,92005.825,1.1545411497115532,7921.912369098268,807.8102480559894,5.887641958320804,278.8836044234662,-12.23986948265306,-9.359675824749417
127,46.812244,6.9439974,810.365,2023-03-27 02:58:52.281896551,3.7322899999999777,0.12501188178669054,77.66094964327439,0.0042257321011028,91983.825,1.154354479067148,7945.952971577286,810.2617072677506,5.913957201833187,278.90377925698255,-9.43871621410769,-10.121156488101107
128,46.812244,6.9439974,813.3808333333334,2023-03-27 02:58:52.662068965,3.7151925000000006,0.09259671193160557,77.5723707914489,0.004217563874418,91947.11666666668,1.15397079832047,7975.5206404111295,813.2767703967338,5.988997908431035,278.9784980757616,-6.574854645892994,-7.602451416791306
129,46.812244,6.9439974,815.3516666666667,2023-03-27 02:58:53.042241379,3.700945000000047,0.0753557120637538,77.55292584963497,0.0042135552850367,91919.625,1.1536879479909126,7994.842962031274,815.2470988595774,6.033135796814606,278.9388434507103,-8.381913683312723,-5.707864888728485
130,46.812244,6.9439974,818.365,2023-03-27 02:58:53.422413793,3.6852737500000217,0.05228476740711585,77.50744628523918,0.0042080162077693,91887.2875,1.1533512974124442,8024.386074167726,818.259657902314,6.07913960671184,278.85016800976496,-6.028151151163521,-5.157029801396932
131,46.812244,6.9439974,820.4625,2023-03-27 02:58:53.802586206,3.672450000000026,0.04245031020514034,77.52225210341074,0.0042056082703871,91873.575,1.153234256863487,8044.950220591894,820.3566172537916,6.124375506895753,278.5816598154198,-7.085926932281541,-3.2204160024270987
132,46.812244,6.943997,823.4391666666668,2023-03-27 02:58:54.182758620,3.652499999999975,0.027197691734954788,77.54973932112996,0.0042024337031609,91840.21666666667,1.1529006382658806,8074.133801203964,823.3325142840791,6.2017442631889095,279.6254298530121,-7.765521692744831,-2.99088586283648
133,46.812244,6.943997,825.28,2023-03-27 02:58:54.562931034,3.6354016666666666,0.020782542141319027,77.60857513080009,0.0042016899363033,91811.99166666664,1.15261793191139,8092.181528169861,825.1728702635315,6.2324086154173886,280.0760680962962,-10.759466636756146,-1.1328256004747863
134,46.812244,6.943997,828.20375,2023-03-27 02:58:54.943103448,3.6126049999999736,0.018461423649398512,77.71897716982363,0.0042025235517221,91775.2375,1.1522507964540485,8120.846264523639,828.0958599036001,6.249088716274348,280.2825343601524,-9.029094385559548,0.7991490967228593
135,46.812244,6.943997,830.345,2023-03-27 02:58:55.323275862,3.5997800000000097,0.02569060331001083,77.82689382435038,0.0042052314493852,91761.425,1.1521289165146664,8141.839276175908,830.2365513377054,6.302581001664403,280.8955822849064,-6.935170400967588,3.544212138001971
136,46.812244,6.943997,833.2433333333333,2023-03-27 02:58:55.703448275,3.5698566666666807,0.027552098540581937,77.99808502367043,0.0042071737813617,91726.68333333332,1.151815895654688,8170.254779834057,833.1341263157202,6.310033550470498,280.897695134388,-11.951179472994523,1.8776296957195049
137,46.812244,6.943997,835.16,2023-03-27 02:58:56.083620689,3.555608333333339,0.02168606550947061,78.0427773559721,0.0042065348142318,91700.21666666666,1.151543270257495,8189.045926733395,835.0502900310908,6.3308975039450015,280.857690283568,-8.603274899581107,-0.9338204374721724
138,46.812244,6.943997,838.18125,2023-03-27 02:58:56.463793103,3.527112500000044,0.016245362231870786,78.16797598193519,0.0042061537950642,91668.65,1.1512656189957438,8218.666470285332,838.0707448808037,6.386688923268595,280.111931925828,-10.912802504693756,-0.3531728600788676
139,46.812244,6.943997,840.3375,2023-03-27 02:58:56.843965517,3.51001500000001,0.014851170304552852,78.25335359687745,0.004206541710638,91648.5,1.151083385312404,8239.80647691175,840.2264256307454,6.429230614421001,279.7833211432802,-9.172893412767984,0.5037284875854573
140,46.812244,6.943997,843.1341666666667,2023-03-27 02:58:57.224137931,3.501464999999996,-0.0009645829011333262,78.21074416085162,0.0042033305465809,91614.15,1.150689781795569,8267.225146271227,843.0223517991594,6.462442171570095,279.83470266947484,-3.5354909258130003,-3.2139039183009985
141,46.812244,6.943997,844.93,2023-03-27 02:58:57.604310344,3.4843658333333565,-0.008394019015042886,78.26264825939121,0.0042020688278119,91590.6,1.150465938694359,8284.83157946171,844.8177083368643,6.462442171570095,279.83470266947484,-11.009022110928631,-1.9661881729114408
142,46.812244,6.943997,848.2045833333333,2023-03-27 02:58:57.984482758,3.4430454166666777,-0.01821577442524358,78.4362068715082,0.0042005312140517,91553.65833333333,1.1501745989278689,8316.935720549875,848.0914196539976,6.469923379547634,279.8987436786595,-14.586076234264311,-1.3137446838549764
143,46.812244,6.9439974,850.6525,2023-03-27 02:58:58.364655172,3.4245233333333545,-0.024013148186213584,78.50541886424737,0.0041997745708962,91529.54166666666,1.149949110918162,8340.9351682052,850.5386822416626,6.441842750792803,280.14754793496166,-8.744558513494832,-0.8646295662970628
144,46.812244,6.9439974,853.13625,2023-03-27 02:58:58.744827586,3.4131250000000364,-0.022137075411194473,78.57839047468897,0.0042012677919271,91507.58333333331,1.1497195569091332,8365.285908034955,853.0217666619035,6.433197812544642,280.3895127789624,-5.302631578560646,1.68137582982766
145,46.812244,6.9439974,855.58625,2023-03-27 02:58:59.125000000,3.3988749999999754,-0.02094109893857876,78.66444128163444,0.0042029921162209,91475.8,1.1493781801549048,8389.30574347937,855.4711082254767,6.391409913890304,280.7388254995896,-6.718584596956524,1.967755263008844
146,46.812244,6.9439974,857.6125,2023-03-27 02:58:59.505172413,3.3817774999999983,-0.021166997031627943,78.7579919186777,0.0042041657013553,91446.275,1.1490773634048856,8409.171113806606,857.496812245426,6.382275517745164,281.19213180504624,-9.744395791200152,1.618918029068028
147,46.812244,6.9439974,860.6925,2023-03-27 02:58:59.885344827,3.350433333333342,-0.02715861802425934,78.89544943949498,0.0042036382256026,91413.90833333333,1.1488012203644715,8439.367432851992,860.5759798557093,6.348875961837951,281.6918660877568,-11.74943441641681,-0.4785754444792168
148,46.812244,6.9439974,862.6533333333334,2023-03-27 02:59:00.265517241,3.333334999999977,-0.03247433742637895,78.96100693650189,0.0042028492679964,91393.84166666666,1.1486205372299287,8458.59142700193,862.5362817069978,6.320437348499874,282.2264108664496,-10.065972445302515,-1.1242007532162348
149,46.812244,6.9439974,865.4637500000001,2023-03-27 02:59:00.645689655,3.3133850000000393,-0.03759109779628034,79.0457954424376,0.0042027360978852,91360.0375,1.148278457479962,8486.144708606309,865.3459345042711,6.263004734641083,282.66343213981463,-8.191915553278141,-0.1124767984548005
150,46.812244,6.9439974,867.91875,2023-03-27 02:59:01.025862068,3.292010833333336,-0.03378643456409236,79.18717044349958,0.0042050317067991,91331.69583333332,1.1480092912449955,8510.21347076482,867.8002652042053,6.195978633354569,283.6579509439992,-10.044981928954243,2.611232627761525
151,46.812244,6.9439974,870.4725,2023-03-27 02:59:01.406034482,3.267790833333322,-0.036060979921785474,79.30677256400057,0.0042052587413959,91308.23333333332,1.147814789582817,8535.25035587183,870.3533169708138,6.157149778755667,284.16541531260344,-10.940410993525123,0.2482207839806675
152,46.812244,6.943997,872.77875,2023-03-27 02:59:01.786206896,3.2478450000000407,-0.04308310501176038,79.37579716470657,0.0042040583732054,91285.56666666668,1.1476135200936048,8557.860741437602,872.6589346451237,6.101759687807743,284.3715209410738,-9.974876332957004,-1.4529706292202194
153,46.812244,6.943997,875.5520833333333,2023-03-27 02:59:02.166379310,3.225045000000023,-0.042439151672283515,79.505445578527,0.0042056368885578,91252.075,1.147285992960252,8585.050372166515,875.4315053730394,6.021839737198914,284.6231709034869,-9.479174726932069,1.5884419611384517
154,46.812244,6.943997,878.0175,2023-03-27 02:59:02.546551724,3.2050950000000284,-0.0460559667632765,79.59699279862252,0.0042057830518094,91222.4,1.14699551011871,8609.22118233114,877.8962420736073,5.90691623829233,284.6845673570018,-9.32782419293608,0.1654099998848032
155,46.812244,6.9439964,880.5241666666666,2023-03-27 02:59:02.926724137,3.187995000000001,-0.05607237390370301,79.63660866717294,0.004204201213942,91189.10833333334,1.1466488815835238,8633.796386020382,880.4022154375227,5.809225883269766,284.7274165827081,-7.861330194596299,-1.76014574420889
156,46.812244,6.9439964,883.3233333333333,2023-03-27 02:59:03.306896551,3.170899166666686,-0.07343783629261225,79.63179587271955,0.004200511607539,91153.83333333334,1.1462788113761526,8661.239218567225,883.2006055653283,5.71361123034749,284.72138280168656,-7.035870605673875,-3.675332391476988
157,46.812244,6.943996,885.28,2023-03-27 02:59:03.687068965,3.156653333333338,-0.07596916996863001,79.69501863649504,0.0042003408775424,91138.90416666667,1.1461503161078566,8680.422226194165,885.1567279544151,5.626499380875643,284.97417053724405,-8.386459477058208,-0.2432715425741182
158,46.812244,6.943996,888.4729166666666,2023-03-27 02:59:04.067241379,3.129579999999976,-0.07333545920499773,79.85670464960764,0.004202471819807,91105.675,1.1458433294351518,8711.725307194683,888.3487538756542,5.523753634170854,285.446424213036,-9.764397462383736,1.8602239771102755
159,46.812244,6.943996,890.5741666666667,2023-03-27 02:59:04.447413793,3.1096300000000383,-0.07367294176998485,79.96503158466686,0.0042036127552108,91075.76666666666,1.1455491051481066,8732.325764721862,890.4494159291768,5.449049451802899,285.9047107984086,-10.930623757735798,1.5130438803929445
160,46.812244,6.943996,893.005,2023-03-27 02:59:04.827586206,3.0953799999999774,-0.0831586047738142,79.99128838780314,0.0042018377720151,91050.55,1.145292185684499,8756.157409286718,892.8795673636479,5.407383990209756,286.1860935807545,-6.747486752513214,-2.0342771324444278
161,46.812244,6.943996,895.79,2023-03-27 02:59:05.207758620,3.07400750000005,-0.10340536109987397,79.99388221574753,0.0041969492767177,91021.89166666666,1.1450236865405563,8783.461245692133,895.6637838295578,5.357933629855861,286.7707646921054,-8.831015739422364,-4.88902335318873
162,46.812244,6.943996,897.705,2023-03-27 02:59:05.587931034,3.0569100000000162,-0.11764049548344246,80.00773367990105,0.0041935435975567,91000.8,1.144831567625516,8802.235683057492,897.5782436466574,5.273939765492181,287.4296062930599,-10.272389825646782,-4.952651571218109
163,46.812244,6.943996,900.64375,2023-03-27 02:59:05.968103448,3.0355387500000006,-0.1345631656315618,80.03203741117932,0.0041898892259999,90967.1375,1.1444990751349329,8831.046824407582,900.5161624415658,5.235403903447346,287.90624717000526,-8.364669583590171,-3.4620216943585187
164,46.812244,6.9439964,903.085,2023-03-27 02:59:06.348275862,3.022715000000005,-0.13491618193188515,80.10155855642893,0.004191043689697,90937.95,1.144184170723707,8854.980517066608,902.9567198856498,5.168476311164677,288.3091803668368,-6.040387268044912,1.316222528506722
165,46.812244,6.9439964,905.5683333333332,2023-03-27 02:59:06.728448275,2.999918333333312,-0.13403956568726016,80.22820311693793,0.0041921760041967,90915.55,1.143996160204524,8879.326770310618,905.4393468014682,5.143986486179613,288.4564882173465,-10.554239850116964,1.2688812754821224
166,46.812244,6.9439964,908.095,2023-03-27 02:59:07.108620689,2.977122500000007,-0.14812516933193365,80.2719344500583,0.004189023892002,90889.125,1.1437603348628835,8904.097837983645,907.965292733364,5.133851908221156,288.41291940253507,-10.37071298811806,-3.4709950343083653
167,46.812244,6.943997,910.6775,2023-03-27 02:59:07.488793103,2.95432500000004,-0.15438958071354136,80.36058019189129,0.0041886675039606,90852.85,1.1433985806951432,8929.416267082672,910.5470539973052,5.118550685912941,288.1632809862986,-10.144031864129714,-0.3838373246385163
168,46.812244,6.943997,913.4833333333332,2023-03-27 02:59:07.868965517,2.9286758333333296,-0.16812087927416997,80.42652871004218,0.0041860067088829,90817.725,1.1430644899559683,8956.924198198125,913.352082331696,5.090753976593699,288.0560681872905,-10.50142377369644,-2.636867809755877
169,46.812244,6.943997,915.3966666666668,2023-03-27 02:59:08.249137931,2.908728333333329,-0.18182331513605732,80.46165009044077,0.0041824556396282,90802.90833333333,1.1429629454493293,8975.682191355278,915.2648653062236,5.061607701957002,288.1008871142141,-11.975566004070506,-5.160257919455708
170,46.812244,6.943997,918.43625,2023-03-27 02:59:08.629310344,2.87738250000001,-0.2018573086989477,80.52110760409946,0.0041773429371698,90779.2875,1.1427989293721907,9005.481723906969,918.303571954436,5.034719554196901,288.13421578633324,-11.844088728438232,-4.676067696222482
171,46.812244,6.943997,920.9366666666668,2023-03-27 02:59:09.009482758,2.8631341666666685,-0.21683204175764104,80.5140766530516,0.0041741613929318,90749.39166666666,1.142483772759728,9029.99534131826,920.8032652657392,4.974780354480644,288.17607978431903,-6.542862351067558,-3.5363375230789025
172,46.81225,6.9439974,923.2525,2023-03-27 02:59:09.389655172,2.8488849999999957,-0.22291725200659585,80.55932379586187,0.0041738208344676,90715.35833333334,1.1421144915057435,9052.699321048076,923.1184268887008,4.923857352488319,288.5151325245979,-7.06249038096725,-0.4085767324830583
173,46.81225,6.9439974,925.60625,2023-03-27 02:59:09.769827586,2.831785000000025,-0.2269309962843522,80.63233350631,0.004173772349661,90687.875,1.1418392366866164,9075.77501145712,925.4714924522768,4.891093198214072,288.5573507755414,-8.336942411929073,-0.0572176578329188
174,46.81225,6.9439974,928.4545833333332,2023-03-27 02:59:10.150000000,2.806137499999977,-0.23183204591867934,80.74696594100152,0.0041734301384324,90659.65,1.1415902114442578,9103.69947429364,928.3189952015866,4.861132982670775,288.51650782323594,-10.33071841641612,-0.333651919461705
175,46.81225,6.9439974,930.3229166666669,2023-03-27 02:59:10.530172413,2.779065000000003,-0.23255671700417224,80.89193638155993,0.0041739731227188,90638.925,1.141440940219925,9122.016209001857,930.1867823366648,4.864482746605968,287.8816312291761,-16.6223915183072,0.806986382321027
176,46.81225,6.9439974,933.1266666666668,2023-03-27 02:59:10.910344827,2.749143333333336,-0.23783501657896977,81.02826015037795,0.0041738447850213,90602.99166666668,1.1411122999279677,9149.503545593378,932.9897106140608,4.866480186847202,287.6710739853573,-12.2388593052219,-0.1270641470996047
177,46.81225,6.9439974,935.14375,2023-03-27 02:59:11.290517241,2.7320475000000215,-0.2437313389293081,81.09131738957598,0.004173187119901,90576.575,1.140850704391855,9169.278563506872,935.0062012518928,4.85309476235303,287.3593349164862,-9.717651295848947,-0.9048775328025886
178,46.81225,6.9439974,938.1783333333332,2023-03-27 02:59:11.670689655,2.707825000000014,-0.2585340812285608,81.1427580166156,0.0041700676317699,90544.925,1.1405543260739297,9199.028892163811,938.0398904991832,4.838544822757938,287.12317903307394,-9.149596336392367,-2.8522126453687475
179,46.81225,6.9439974,940.5766666666666,2023-03-27 02:59:12.050862068,2.680750000000046,-0.2691688936453147,81.23392824406056,0.0041676736509626,90523.94166666664,1.1404035794873155,9222.541558017912,940.4375151573588,4.835454702890919,286.7039204047586,-12.93848883218585,-2.769196236118415
180,46.81225,6.9439974,942.895,2023-03-27 02:59:12.431034482,2.6607999999999947,-0.27259701208117804,81.32818288973763,0.0041679274922804,90493.275,1.140099480449991,9245.269906828888,942.7551617350356,4.8255765244416535,286.3321661447261,-9.859975366564203,0.3036785712800734
181,46.81225,6.9439974,945.47,2023-03-27 02:59:12.811206896,2.638005000000021,-0.2793530755767506,81.4185939723031,0.0041672866913519,90460.1,1.1397761327203428,9270.514530758288,945.3293969661696,4.823999612793004,285.7684275444357,-10.14023414760658,-0.6900023827317214
182,46.81225,6.943997,948.1675,2023-03-27 02:59:13.191379310,2.60951,-0.2893137747312835,81.5247159833232,0.0041650338023123,90440.2,1.1396445998453282,9296.960090593586,948.0260935787028,4.817345653744068,285.2241059850136,-12.098811394608012,-2.3154434051904644
183,46.81225,6.943997,950.675,2023-03-27 02:59:13.571551724,2.5981100000000197,-0.30303896001856856,81.51018109658435,0.0041619450654049,90417.0,1.139401460931917,9321.542921732726,950.5328447260508,4.791765679776116,284.8738123797791,-5.206030922391782,-3.414329595412136
184,46.81225,6.943997,953.0379166666668,2023-03-27 02:59:13.951724137,2.5852870833333554,-0.3182196112520046,81.4929861580769,0.0041588245079198,90384.98333333332,1.1390531725589066,9344.70828042228,952.8950539095696,4.77469976764401,284.549211479344,-6.212243553593356,-3.659478163166138
185,46.81225,6.9439974,955.9079166666668,2023-03-27 02:59:14.331896551,2.5510929166666756,-0.32955024249235976,81.61978731924336,0.0041568948263809,90348.5125,1.1387361391840074,9372.844915816477,955.7641922385806,4.740819614366792,284.4293799185425,-13.635130313336507,-1.8626034945510708
186,46.81225,6.9439974,957.9825,2023-03-27 02:59:14.712068965,2.5297199999999975,-0.33971334490445315,81.68180212656164,0.0041544696572353,90332.3,1.1386217371388103,9393.183504474127,957.8381510989102,4.701357096380067,284.47130204256973,-11.789039971192745,-3.238068770801526
187,46.81225,6.9439974,960.9291666666668,2023-03-27 02:59:15.092241379,2.518320000000017,-0.3572818104962039,81.64642867505404,0.0041507941137519,90297.33333333334,1.1382305090948148,9422.071712023497,960.7839284591064,4.68404158853485,284.649251113331,-4.425579279196893,-3.4539724041540287
188,46.81225,6.9439974,962.8008333333332,2023-03-27 02:59:15.472413793,2.504070000000013,-0.36287002764879617,81.69703049918172,0.0041502908545887,90270.13333333332,1.1379467366392235,9440.42093854585,962.6550288371516,4.684569329433971,284.8757478880151,-8.707116492659063,-0.7443634048896526
189,46.81225,6.9439974,965.605,2023-03-27 02:59:15.852586206,2.4784216666666907,-0.377485055122861,81.75959454080692,0.0041472010509708,90239.17916666668,1.1376644347198714,9467.912079167789,965.458345017696,4.676585082576567,284.9987176011488,-10.457685334819518,-3.049598632040344
190,46.81225,6.9439974,968.0133333333332,2023-03-27 02:59:16.232758620,2.4641750000000116,-0.3863454767674739,81.78891871592724,0.0041455589666287,90215.65833333334,1.1374278234179334,9491.522578799111,967.8659459447532,4.69571046333322,284.88520015263595,-6.762177646885822,-1.8867145782416228
191,46.81225,6.9439974,970.78,2023-03-27 02:59:16.612931034,2.4356783333333283,-0.3962802796374376,81.8943852719981,0.0041438337201048,90184.76666666668,1.1371570604714405,9518.646037266775,970.6317689799042,4.711697153962088,284.6713503557262,-11.7712813114691,-1.7251216528750255
192,46.81225,6.9439974,973.23,2023-03-27 02:59:16.993103448,2.4157299999999964,-0.40080977284378605,81.98086279699115,0.0041435287331435,90159.1625,1.1369167453358673,9542.66498379209,973.0810198989554,4.72801431862086,284.3507430850225,-9.303262113979754,-0.3443100350256491
193,46.81225,6.943998,975.80375,2023-03-27 02:59:17.373275862,2.3986300000000256,-0.4014766390669138,82.07524594404374,0.0041445343279375,90130.425,1.1366241833659725,9567.897112270328,975.6539809486756,4.760517197504112,284.0008835745588,-7.5894919488046275,1.0803863152496362
194,46.81225,6.943998,978.315,2023-03-27 02:59:17.753448275,2.3772562500000163,-0.412565031131237,82.13384447583556,0.0041425580456675,90098.7625,1.136314340713214,9592.51649331415,978.1644591490622,4.79507915166826,283.81790884923487,-9.71975515500943,-2.17552189222082
195,46.81225,6.943998,980.27375,2023-03-27 02:59:18.133620689,2.3630104166666683,-0.42205683927932114,82.16060466934121,0.0041405088477882,90080.05,1.1361384570718795,9611.71935193629,980.122605776314,4.795500892613266,283.7796044558015,-8.304360075840712,-2.891637414383632
196,46.81225,6.9439974,983.19875,2023-03-27 02:59:18.513793103,2.3345150000000103,-0.43170247472608025,82.26793831736569,0.0041391023369014,90044.1875,1.1358045489203217,9640.39494520936,983.0467025140453,4.7879740594717335,283.7566659320612,-11.120358971879089,-1.3287094157427353
197,46.81225,6.9439974,985.2133333333334,2023-03-27 02:59:18.893965517,2.3202650000000062,-0.43794829273502955,82.31355734183836,0.0041383917908856,90017.33750000001,1.1355250711931546,9660.145142610423,985.0606621639832,4.787940340428704,284.0948565018388,-8.072209353046262,-0.9743473227181334
198,46.81225,6.943998,987.77875,2023-03-27 02:59:19.274137931,2.304590000000019,-0.4513591911568824,82.32683067935045,0.0041353439464739,89994.9875,1.1353097524885485,9685.29547928027,987.6252827703926,4.774647142912448,284.3023314868915,-6.971561580812643,-3.281413587829356
199,46.81225,6.943998,990.725,2023-03-27 02:59:19.654310344,2.2817924999999946,-0.4647426988301504,82.38105488713461,0.0041326641142034,89963.75,1.1350113843499017,9714.17933122458,990.5706159824792,4.783498839085323,284.3537203442438,-8.826406158639312,-2.511611334386146
200,46.81225,6.943998,992.5875,2023-03-27 02:59:20.034482758,2.2703941666666765,-0.4721444091711078,82.40293409978493,0.0041313874890368,89942.24999999999,1.1347879715489175,9732.43851953414,992.4325350179868,4.815811080172394,284.6284313710792,-6.979524843050821,-1.8923338354848276
201,46.81225,6.943998,995.38375,2023-03-27 02:59:20.414655172,2.257570000000044,-0.4865343493594878,82.39215151509993,0.0041285427360331,89909.83750000001,1.1344337927490808,9759.851790888551,995.2279107430728,4.861214515665784,284.97494449670825,-5.2287559662642655,-2.807795125735001
202,46.81225,6.9439974,998.2691666666668,2023-03-27 02:59:20.794827586,2.2333483333333106,-0.4910797266841769,82.50426393773988,0.0041284651267172,89878.59166666667,1.134139359022098,9788.13918985742,998.1124226782256,4.8820290759900935,285.409922714682,-9.56814991548939,-0.0742148304194005
203,46.81225,6.943998,1000.1366666666668,2023-03-27 02:59:21.175000000,2.2134000000000356,-0.4933187988463601,82.60580363015276,0.0041286699194739,89856.65000000001,1.133944488421714,9806.44735265852,999.9793357220376,4.935373179517917,285.6903796658866,-12.173174912833012,0.3025273744960304
204,46.81225,6.943998,1002.995,2023-03-27 02:59:21.555172413,2.1891762500000027,-0.5033060385891872,82.68598392155863,0.0041270870444915,89823.2375,1.1336236639133022,9834.46919635765,1002.8367685557912,5.013674215127575,286.1320144871913,-9.655248738144207,-1.5272922303610192
205,46.81225,6.943998,1005.5220833333334,2023-03-27 02:59:21.935344827,2.169232083333327,-0.5144179511873403,82.73439397528709,0.0041249398143941,89795.5625,1.1333579861597198,9859.243589663069,1005.363053607814,5.025889824185457,286.98157606983244,-8.989375091896001,-2.342864885700916
206,46.81225,6.943998,1007.9275,2023-03-27 02:59:22.315517241,2.1535600000000272,-0.5243592307037943,82.76555544495619,0.0041230278011017,89770.98333333334,1.1331135865852542,9882.82519915889,1007.7677085609143,5.025843854552432,287.4727314555963,-7.41952197105382,-2.1912751096443697
207,46.81225,6.943998,1010.2358333333332,2023-03-27 02:59:22.695689655,2.139310000000023,-0.5371171714458001,82.77359707069726,0.0041203584479154,89745.08333333333,1.132847093188099,9905.45503109148,1010.075309212777,5.015766061059424,288.07490506097827,-7.028355133568467,-3.1871584877523955
208,46.81225,6.943998,1012.745,2023-03-27 02:59:23.075862068,2.125060000000019,-0.5494539091366164,82.78559133716324,0.0041179302976003,89716.6875,1.1325488506962968,9930.05372145909,1012.5836775513646,5.013812442613373,288.5598615043224,-6.46410437517136,-2.6664291965502214
209,46.81225,6.943998,1015.34,2023-03-27 02:59:23.456034482,2.1051133333333496,-0.5614917826065948,82.82996092510369,0.0041155500077463,89688.2625,1.132273685538243,9955.493861050028,1015.1778498314948,5.058280258117909,288.6243848249727,-8.746825129007405,-2.526812581863437
210,46.81225,6.943998,1017.8883333333332,2023-03-27 02:59:23.836206896,2.07946666666669,-0.4428955423035177,83.72622334749529,0.0041515906239602,89662.81666666668,1.1320318562606055,9980.476482737104,1017.7253682691957,5.104618334888483,289.0950441683362,-11.449839591339773,38.95015552790593
211,46.81225,6.943998,1020.1958333333334,2023-03-27 02:59:24.216379310,2.0566683333333344,-0.19706731577628034,85.40305692130991,0.0042261090521001,89638.09999999999,1.1317605572047522,10003.098074174934,1020.0321286244472,5.122684144492991,289.2594307880237,-11.23781829202815,88.90850125225568
212,46.81225,6.943998,1023.0975,2023-03-27 02:59:24.596551724,2.0281700000000455,-0.21212348052836205,85.47796387693384,0.0042228362941468,89606.82083333333,1.1314851498478835,10031.54455913294,1022.9328628158382,5.123111892260575,289.85621432720995,-11.168294600882312,-3.104210554793491
213,46.81225,6.943998,1025.5266666666666,2023-03-27 02:59:24.976724137,2.0110716666666804,-0.2225299877233624,85.51961050250176,0.0042207378954556,89582.20833333333,1.131245987126722,10055.358871058614,1025.3612468129909,5.102790336112115,290.45079239702164,-8.002387543631485,-2.376982666379692
214,46.81225,6.943998,1027.855,2023-03-27 02:59:25.356896551,1.9911258333333421,-0.23792815511131948,85.54670013819677,0.0042173143464215,89553.41666666666,1.1309666658464503,10078.184647295642,1027.688828223261,5.093411869746532,291.00298888541926,-9.736949027476545,-4.045031043741037
215,46.81225,6.943998,1030.7645833333331,2023-03-27 02:59:25.737068965,1.9697537499999953,-0.2602713049934664,85.53719203010502,0.004212259215514,89514.81666666667,1.130570495872772,10106.708674523024,1030.5974695255795,5.08146335033561,291.6551131299672,-8.34602666576352,-4.7779717558017465
216,46.81225,6.9439974,1032.8033333333333,2023-03-27 02:59:26.117241379,1.9597800000000234,-0.272865031791639,85.52147227891336,0.0042093678386532,89494.3375,1.1303547495749164,10126.695493454208,1032.635557856578,5.044237790101828,292.51158318300105,-5.557446995458452,-3.89944906132012
217,46.81225,6.9439974,1035.7925,2023-03-27 02:59:26.497413793,1.9398299999999722,-0.2890389775193398,85.54594165800823,0.0042058510258632,89462.77916666667,1.1300403719303331,10155.999667911465,1035.6237520367777,4.947350050450721,292.5302572710808,-7.579713503354199,-3.2340267759410786
218,46.81225,6.9439974,1038.125,2023-03-27 02:59:26.877586206,1.9198816666666403,-0.2972931897062381,85.61671242434278,0.0042046714692279,89432.11666666667,1.129735728926486,10178.866218134695,1037.955491236528,4.918884726289572,292.6027834218628,-9.71019362216417,-1.389717648773815
219,46.81225,6.943998,1040.5954166666666,2023-03-27 02:59:27.257758620,1.9042083333333153,-0.30666693934205114,85.65095209734471,0.0042031376637243,89402.55,1.1294277137492132,10203.084809391346,1040.425100252517,4.8868504185298445,292.7068667551476,-7.2013789247418805,-1.7057377466963115
220,46.81225,6.943998,1043.1075,2023-03-27 02:59:27.637931034,1.8814100000000167,-0.3203290904796745,85.70631429260624,0.0041999111891816,89380.4125,1.129243771358443,10227.711858178309,1042.9363603451034,4.834358371987928,293.0135045946858,-10.29965843499949,-3.5280741161511333
221,46.81225,6.943998,1045.6045833333333,2023-03-27 02:59:28.018103448,1.8628866666666681,-0.32814968230218255,85.769994942802,0.0041987305848828,89352.79583333334,1.1289716847426032,10252.191836134472,1045.4326233866277,4.812367977517347,292.6879017508608,-8.416571507259182,-1.2984106692022168
222,46.81225,6.943998,1048.0300000000002,2023-03-27 02:59:28.398275862,1.8372408333333397,-0.3390493806513746,85.85969812783586,0.0041966653563684,89323.21666666667,1.1287045301812415,10275.969216637504,1047.8572414267362,4.788541849455151,292.44678113363983,-11.994351941558344,-2.337874147666395
223,46.81225,6.943998,1050.4829166666668,2023-03-27 02:59:28.778448275,1.8101691666666397,-0.3471930356278108,85.97156270551329,0.0041953869208341,89294.25,1.1284504940355524,10300.01617276481,1050.3093485303148,4.762711879496531,292.7656397130118,-12.516438580936304,-1.4306687851698476
224,46.81225,6.9439974,1052.9175,2023-03-27 02:59:29.158620689,1.791646250000042,-0.3631463951162459,85.98554645502799,0.004191407164667,89274.35,1.128277714807866,10323.883381298732,1052.7431264803713,4.714614611392184,293.05743589813227,-8.627139096499237,-4.486530820129177
225,46.81225,6.9439974,1055.7333333333331,2023-03-27 02:59:29.538793103,1.7631508333333272,-0.3770090953505587,86.07353354723901,0.004188240727955,89248.91666666666,1.128075299516982,10351.48811552292,1055.5580259847063,4.729459318252356,293.2534017538709,-11.47287383352568,-3.085800694102135
226,46.81225,6.9439974,1057.6158333333333,2023-03-27 02:59:29.918965517,1.74605333333335,-0.3796967284541779,86.15948344490367,0.0041885884999497,89221.76666666666,1.127802055599943,10369.942998189405,1057.4399002910682,4.756680229194761,293.27398426956694,-10.29429408969279,0.5068268780228632
227,46.81225,6.9439974,1060.5775,2023-03-27 02:59:30.299137931,1.7232549999999947,-0.38991697599288955,86.2286663877664,0.0041872357099973,89182.0,1.1273939923924152,10398.977351010675,1060.4005803215855,4.806308225243875,293.5928467254016,-8.721851735535108,-1.2526723097452326
228,46.81225,6.9439974,1063.1108333333332,2023-03-27 02:59:30.679310344,1.694757500000037,-0.40092137598350064,86.3305145635488,0.0041846764966767,89161.8625,1.127258115042322,10423.812566624269,1062.9330675229835,4.786842993113067,293.4051922950516,-12.743944075297051,-2.7701722983998045
229,46.81225,6.943998,1065.6341666666667,2023-03-27 02:59:31.059482758,1.677660000000003,-0.4067386111218525,86.39692929034246,0.0041839158138567,89138.375,1.1270318313961187,10448.549728817436,1065.4555560581275,4.789215164293311,294.3900531835453,-7.67467920910711,-0.8264866875498073
230,46.81225,6.943998,1068.0270833333334,2023-03-27 02:59:31.439655172,1.663409999999999,-0.4141334431179189,86.43891370407286,0.0041830254561345,89108.13333333333,1.1267084510780154,10472.008350452505,1067.847669739667,4.795731547200031,294.8842749663343,-6.743182338847734,-1.0198115315068064
231,46.81225,6.9439983,1070.5175,2023-03-27 02:59:31.819827586,1.6463100000000281,-0.4247830641661494,86.4753126399712,0.004181116841883,89078.40000000001,1.1264039310416327,10496.422780857953,1070.337248791173,4.838014194266552,295.0496113532199,-7.772922104165961,-2.0999692124401523
232,46.81225,6.9439983,1073.435,2023-03-27 02:59:32.200000000,1.6235133333333351,-0.43905593702436363,86.52467659726265,0.0041779679777092,89051.10000000002,1.126154306892447,10525.024035047456,1073.253765052027,4.867248718953286,295.25656567656927,-8.843505457139823,-2.956757957932106
233,46.81225,6.9439983,1075.3841666666667,2023-03-27 02:59:32.580172413,1.6035658333333345,-0.4278388721896249,86.71085706159951,0.0041820252193311,89032.9,1.1260032647333489,10544.132370477711,1075.202272996152,4.894190970799648,295.3280325285459,-11.580977276041198,5.701589715796182
234,46.81225,6.9439983,1078.3175,2023-03-27 02:59:32.960344827,1.5821937500000445,-0.3563798971499068,87.26097137920982,0.0042050013809187,88996.4,1.125614353234837,10572.888800174684,1078.1346127550885,4.915389803045565,295.1654851802426,-8.242161605905618,21.447091604154927
235,46.81225,6.943999,1081.1174999999998,2023-03-27 02:59:33.340517241,1.5636709999999994,-0.3069533762497372,87.66582684835423,0.0042212486338845,88964.525,1.1252765815056307,10600.338094677836,1080.933661819055,4.974420881609233,294.91170372332806,-7.481226030030684,15.88279583974143
236,46.81225,6.943999,1083.0258333333334,2023-03-27 02:59:33.720689655,1.5465716666666935,-0.30146803858002613,87.80129992160062,0.0042236116748052,88946.89166666666,1.1251220993753532,10619.046082136703,1082.8413456314547,5.104276307182478,294.79367491954633,-10.131894501488164,3.388865826477105
237,46.81225,6.943999,1086.12125,2023-03-27 02:59:34.100862068,1.522347375000038,-0.30137656546139624,87.94649553727461,0.0042249229490552,88916.1,1.1248310559710453,10649.391394243854,1085.9357063058085,5.1989106570881445,294.8106705855865,-8.846782098299329,1.1590384378699088
238,46.81225,6.943999,1088.3249999999998,2023-03-27 02:59:34.481034482,1.5137981250000507,-0.3066303657862477,87.96713440847944,0.0042245136878806,88890.15,1.1245380298021477,10670.995408507366,1088.1387026667992,5.285080374284077,294.9073661043446,-4.384356907563845,-0.5079817411110907
239,46.81225,6.943999,1091.0541666666668,2023-03-27 02:59:34.861206896,1.481028166666647,-0.31764159938586545,88.10010221305728,0.0042223669251236,88860.25833333333,1.1242954727808283,10697.75021728682,1090.8669338955524,5.4256744397873184,295.10124817077747,-13.567266458515764,-2.151152974944402
240,46.81225,6.943999,1092.7616666666668,2023-03-27 02:59:35.241379310,1.4639305000000036,-0.3246018925007661,88.1606304118778,0.0042210415689979,88841.30833333333,1.124126638522888,10714.489321083449,1092.5738474487666,5.535922783064041,295.51437354148936,-11.312469850288563,-2.12239130579692
241,46.81225,6.9439993,1095.9954166666666,2023-03-27 02:59:35.621551724,1.4468314999999734,-0.3328083074637789,88.21712480209219,0.004220474737144,88798.68333333333,1.1236575731168224,10746.190659199485,1095.8064842937683,5.601932536707568,295.6923074693684,-5.971237092211565,-0.4790942393503144
242,46.81225,6.9439993,1098.075833333333,2023-03-27 02:59:36.001724137,1.4411320000000387,-0.3363631431897147,88.23123265119617,0.0042204765370995,88775.34166666667,1.1233854874146585,10766.585537296683,1097.8861830795108,5.703846974393857,295.8864409280243,-3.0930098602591016,0.0023641752783141
243,46.81225,6.9439993,1100.71125,2023-03-27 02:59:36.381896551,1.4240355000000022,-0.34596987977158733,88.27544832302885,0.0042188824887306,88745.375,1.1230773262578544,10792.421208893553,1100.5206883995606,5.811864795430344,296.0757132126595,-7.322066074020719,-1.652349673145048
244,46.81225,6.9439993,1103.1683333333333,2023-03-27 02:59:36.762068965,1.392690000000016,-0.35413323643149397,88.4210185303435,0.0042173368767715,88721.15,1.12289990419982,10816.50861337982,1102.9769200878814,5.884245942562694,296.14468447005737,-14.396682343631994,-1.7181579198567718
245,46.81225,6.9439993,1105.5075,2023-03-27 02:59:37.142241379,1.3784410000000094,-0.362214382537843,88.45979395245509,0.0042159311782896,88697.34166666666,1.122657751752921,10839.440033894258,1105.3152742164,5.934715515269756,296.2458648872769,-6.872846764339634,-1.6410473614839167
246,46.81225,6.9439993,1108.0020833333333,2023-03-27 02:59:37.522413793,1.3641910000000053,-0.37069958994760555,88.49089980817877,0.0042146566496028,88668.26666666666,1.1223489917796214,10863.89502324964,1107.8089891297884,6.012191102108294,296.2495399642882,-6.443336762394607,-1.394836825926117
247,46.81225,6.9439993,1110.565,2023-03-27 02:59:37.902586206,1.3428180000000225,-0.3810249368193013,88.55613035975051,0.0042129089262191,88636.35,1.122033615364311,10889.01988041821,1110.371011550143,6.102698994646883,296.7105474849744,-9.403790180518271,-1.861183838020292
248,46.81225,6.944,1113.4225,2023-03-27 02:59:38.282758620,1.3214466666666453,-0.3953583232325286,88.59822202517503,0.0042098654462122,88606.33333333333,1.1217430442004357,10917.032581371255,1113.2275120832555,6.182598668072709,296.79163116349736,-8.43149964462461,-2.9061957548656303
249,46.81225,6.944,1115.3808333333332,2023-03-27 02:59:38.662931034,1.3071981666666943,-0.4024188195525653,88.64232826580115,0.0042087333478448,88583.28333333334,1.1215102193249864,10936.230539194605,1115.185158968109,6.249290796426341,296.9088966615359,-8.200717047755585,-1.5770659450557114
250,46.81225,6.944,1118.3987499999998,2023-03-27 02:59:39.043103448,1.287249499999973,-0.4088403115227379,88.72610595244728,0.0042083322828635,88548.05,1.121145903426125,10965.815794445853,1118.2020154125878,6.32937066659793,297.07014731289337,-7.447916965359287,-0.3624260185477561
251,46.81225,6.944,1120.35875,2023-03-27 02:59:39.423275862,1.2744248750000224,-0.4136312519106582,88.77374032641637,0.0042076886333067,88529.3,1.1209613834144685,10985.03006087403,1120.1613253123169,6.403378849835843,297.56602142644795,-7.371320881979007,-0.8954353598352125
252,46.81225,6.944,1123.18,2023-03-27 02:59:39.803448275,1.244504083333311,-0.41866652508946345,88.92630786089003,0.0042072960122011,88500.96666666666,1.1207251540988892,11012.687310055097,1122.9815798519471,6.4650207044009385,297.86729814605553,-11.94528977249209,-0.3793864561989143
253,46.81225,6.944,1125.0608333333334,2023-03-27 02:59:40.183620689,1.2302559999999971,-0.421331545837063,88.99639282743621,0.004207455554963,88478.56666666667,1.1204996338279494,11031.125462539556,1124.8617481545234,6.527717991826136,298.2333302503531,-8.53068516714496,0.2312007541665651
254,46.81225,6.944,1128.025,2023-03-27 02:59:40.563793103,1.2103070000000002,-0.43290778904071203,89.04782240930422,0.0042055092142326,88443.275,1.1201354492852973,11060.18370729316,1127.8248644841165,6.665950130732081,299.1073525024222,-7.57626426365474,-1.7891151809778298
255,46.81225,6.9439993,1130.57375,2023-03-27 02:59:40.943965517,1.193208000000027,-0.4397199232917046,89.1121112210445,0.0042045021668881,88418.75,1.1198952983431931,11085.169528073571,1130.3727091385513,6.716407442078148,299.355143799757,-7.550695499715906,-1.0763483654212014
256,46.81225,6.9439993,1133.0766666666668,2023-03-27 02:59:41.324137931,1.184658000000013,-0.44816160604665356,89.1105852307189,0.0042029244803242,88397.33333333334,1.1196600463072166,11109.706017557652,1132.874734752199,6.763474842364442,299.79098512714586,-3.8438989963331904,-1.716779110411258
257,46.81225,6.9439993,1135.4841666666666,2023-03-27 02:59:41.704310344,1.170410666666669,-0.46046522906863174,89.12213533280453,0.0042004398139288,88369.71666666666,1.1193700439156673,11133.307104080695,1135.2813758093434,6.805637253055677,300.30412674098125,-6.657436481707509,-2.810160532301206
258,46.81225,6.9439993,1137.91125,2023-03-27 02:59:42.084482758,1.14191500000004,-0.4734736470691132,89.21526529279083,0.0041978566138951,88337.425,1.119079085305662,11157.100150889117,1137.707591368012,6.860843225968797,301.0646366357973,-13.204470020167808,-2.8972900821250533
259,46.81225,6.9439993,1140.4695833333335,2023-03-27 02:59:42.464655172,1.1276655000000346,-0.48594355863679084,89.22320264418371,0.0041952273833896,88311.85,1.118815059715408,11182.179840648922,1140.2650079944651,6.879049769221691,301.35410537776266,-6.262775753504143,-2.7969837407416183
260,46.81225,6.9439993,1142.9575,2023-03-27 02:59:42.844827586,1.1105660000000057,-0.4924243075747654,89.28812036948034,0.0041945497587052,88282.58333333333,1.1185145089667885,11206.569206886556,1142.7520312121426,6.882101578373683,301.6764023507848,-7.72600999777963,-0.7410654156078096
261,46.81225,6.9439993,1145.3325,2023-03-27 02:59:43.225000000,1.0934681666666393,-0.5033171147097164,89.32356813821727,0.004192564861198,88253.0,1.118210827847408,11229.851618747896,1145.1261764973665,6.891469741584561,301.99817677436465,-8.090348327534434,-2.2733214640411776
262,46.81225,6.9439993,1147.76,2023-03-27 02:59:43.605172413,1.0820715000000405,-0.5142471529375712,89.32283351678444,0.0041907209413811,88221.2,1.1178556908758253,11253.648676475072,1147.5528010559235,6.91994805800657,302.57409194059466,-5.274367799711498,-2.065536520012778
263,46.81225,6.9439993,1150.6325000000002,2023-03-27 02:59:43.985344827,1.0678228333333095,-0.5247920390573881,89.34669180626561,0.0041888836303593,88191.22499999999,1.1175351326686251,11281.808096181952,1150.4242627382391,6.88252462686933,302.48267684035454,-5.571106186824006,-1.7388005260375805
264,46.81225,6.9439993,1152.5625,2023-03-27 02:59:44.365517241,1.0450258333333409,-0.5315744578506951,89.44721093057632,0.0041874658548755,88174.64166666666,1.117418828735082,11300.728074939952,1152.3535636471122,6.860319789075196,302.3128122316932,-13.264852862108372,-1.996795001315153
265,46.81225,6.9439993,1155.5175,2023-03-27 02:59:44.745689655,1.0136805000000209,-0.539998132821097,89.59011690120005,0.0041862555744317,88142.04999999999,1.117134345067524,11329.696206687891,1155.307491007418,6.839784920579785,302.01995932856755,-11.90931748439212,-1.1130185785869124
266,46.81225,6.944,1158.10375,2023-03-27 02:59:45.125862068,0.9994310000000155,-0.5461024895674882,89.63959737073613,0.0041857124397885,88112.85833333334,1.1168228184021514,11355.04942680214,1157.8927999675873,6.826356852787413,301.6618780114458,-6.184142130333475,-0.5705458056631373
267,46.81225,6.944,1160.5833333333333,2023-03-27 02:59:45.506034482,0.9794815000000199,-0.5574609664817558,89.69171276708974,0.0041833937749725,88086.975,1.1165775970985865,11379.356965497953,1160.3714790981585,6.778498014603466,301.2091939768025,-9.028347745462147,-2.5399118745948197
268,46.81225,6.944,1162.9674999999995,2023-03-27 02:59:45.886206896,0.9652328333333458,-0.5695922811958667,89.70274615480439,0.0041807570937577,88063.875,1.1163446260866603,11402.72910967822,1162.7547745334257,6.757643093982994,301.04820858313013,-6.705049105017535,-3.003252986503301
269,46.81225,6.944,1165.58375,2023-03-27 02:59:46.266379310,0.9410117499999728,-0.5778878874025395,89.80068099460391,0.0041793968490075,88036.45,1.1160965675328898,11428.376362018023,1165.3700664363491,6.738249523585737,300.9830496537045,-10.38441789206304,-1.411607432675705
270,46.81225,6.944,1168.374166666667,2023-03-27 02:59:46.646551724,0.9253392500000359,-0.5878306787335532,89.83667931633981,0.0041780323926672,88000.24166666667,1.1157022269100332,11455.730957153955,1168.159458852305,6.713867428148541,300.9729312213492,-6.297723410602468,-1.3271328880211055
271,46.81225,6.944,1170.3758333333335,2023-03-27 02:59:47.026724137,0.9110897499999737,-0.5925637836430724,89.89668104431556,0.0041775889277016,87977.58333333334,1.1154732428947645,11475.35338152098,1170.160389278804,6.688707198746451,300.9055659790591,-7.980554864864134,-0.601177922136767
272,46.81225,6.944,1173.1,2023-03-27 02:59:47.406896551,0.8825905000000489,-0.6088511944796551,89.9716089877959,0.004173674638812,87952.96666666667,1.1152797655368307,11502.058484591978,1172.883551935878,6.659498142792743,300.9373809340683,-11.72599328562928,-3.898353474873282
273,46.81225,6.944,1174.9925,2023-03-27 02:59:47.787068965,0.8683415000000423,-0.625082707869808,89.9563713964848,0.0041699082849457,87928.02500000001,1.115024047518199,11520.61071617248,1174.775353068834,6.61151089781291,300.93900446572667,-8.437208740476036,-5.398224983794793
274,46.81225,6.944,1178.0233333333333,2023-03-27 02:59:48.167241379,0.8512450000000058,-0.6431142597722328,89.94715219467516,0.0041659885012679,87894.65,1.1146730538643843,11550.322038941657,1177.805064822509,6.533483844577625,300.90413143005736,-6.319150807166354,-3.506972703461253
275,46.81225,6.944,1180.3991666666666,2023-03-27 02:59:48.547413793,0.8369974999999954,-0.6544881500646511,89.96179413984177,0.0041636837009545,87869.55,1.1144143158953943,11573.612363159926,1180.1800169435971,6.476385706912387,300.9681191656453,-6.716382766277902,-2.6299745470818228
276,46.81225,6.944,1182.7525,2023-03-27 02:59:48.927586206,0.8113501666666707,-0.6604978854043679,90.08509040913282,0.0041626546258603,87849.35,1.1142631437763066,11596.68210243386,1182.5324756602777,6.42349950750646,300.86430367873027,-12.204292207149338,-1.1853329540310589
277,46.81225,6.944,1185.3850000000002,2023-03-27 02:59:49.307758620,0.7743045000000279,-0.6711791360291954,90.24984555513304,0.0041603852654581,87824.1,1.114095107661111,11622.48849379959,1185.1639952276864,6.361428616310097,300.7291920471276,-15.7564132852201,-2.336403016254186
278,46.81225,6.9439993,1188.184166666667,2023-03-27 02:59:49.687931034,0.7543554999999742,-0.6747167512058354,90.35526556595116,0.0041610082541168,87785.67499999999,1.1136883170149614,11649.928694667808,1187.9621169989557,6.252507959089803,300.45256559842824,-7.976678681981028,0.6029845116078414
279,46.81225,6.9439993,1190.6366666666668,2023-03-27 02:59:50.068103448,0.734407666666641,-0.6792906951051805,90.4524574742581,0.0041609442689388,87755.18333333333,1.1133826276514114,11673.970506055231,1190.413699485067,6.150922502218194,300.0370630262738,-9.10116980553859,-0.070665213541821
280,46.81225,6.9439993,1192.8733333333334,2023-03-27 02:59:50.448275862,0.7287093333333132,-0.6876218719890517,90.43415339378106,0.0041593817086023,87734.99999999999,1.1131507907018152,11695.896491163128,1192.6495277350705,6.103736115967797,299.7076409365941,-2.850142970325299,-1.8918256168685128
281,46.81225,6.9439993,1195.9708333333333,2023-03-27 02:59:50.828448275,0.7116123333333348,-0.6984192380934928,90.47380511541274,0.0041574117621968,87706.09999999999,1.1128549001774273,11726.26117755306,1195.745864036451,6.06711927813596,299.3800892123122,-6.173240558345786,-1.7217684210344506
282,46.81225,6.9439993,1197.9691666666668,2023-03-27 02:59:51.208620689,0.6916635000000042,-0.7050987885855307,90.55844510029608,0.0041563092040282,87684.25,1.1126594308829427,11745.850755062636,1197.7434450156409,6.027475789574334,298.96704983895086,-11.162921850455945,-1.4934485327659088
283,46.81225,6.943999,1200.8166666666666,2023-03-27 02:59:51.588793103,0.6603145000000268,-0.7109791971646473,90.72127041458468,0.0041558051705255,87652.96666666666,1.1123901314707745,11773.764656368963,1200.5898707885938,6.009363301563326,298.4887983826094,-12.307877022875042,-0.4790136870340727
284,46.81225,6.943999,1202.7495833333332,2023-03-27 02:59:51.968965517,0.6403671666666924,-0.7103203972637857,90.8541246537855,0.004156847454551,87631.95000000001,1.1122037121747226,11792.712928361563,1202.5220568044708,5.998416892807696,298.344712380252,-11.535119985631445,1.458989552070988
285,46.81225,6.943999,1205.33125,2023-03-27 02:59:52.349137931,0.6204215000000204,-0.7200684369657893,90.91871848053364,0.0041550807417565,87604.9,1.1119425911831406,11818.0208416838,1205.102745757603,5.998303719208623,298.3255248804264,-8.633697272145591,-1.8511574382514395
286,46.81225,6.943999,1208.0625,2023-03-27 02:59:52.729310344,0.6061730833333172,-0.732316034064354,90.93217186843944,0.0041531467358647,87566.75,1.1115174647797803,11844.795088488469,1207.8329591133024,5.982019085981095,298.306414627443,-5.827570083409179,-1.914738342409188
287,46.81225,6.943999,1210.5216666666668,2023-03-27 02:59:53.109482758,0.5805245833333288,-0.741471456182353,91.03652133645429,0.0041515106016354,87539.75,1.1112799822539596,11868.902102315797,1210.2911903979236,5.969779574131056,297.7956336530753,-11.648327189954813,-1.7986754506255056
288,46.81225,6.943999,1212.815,2023-03-27 02:59:53.489655172,0.5605760000000259,-0.7596408206735532,91.04402726587792,0.0041467737057841,87522.55,1.1111458622276995,11891.38344845701,1212.5836497129,5.940750026516533,297.56294608919586,-9.713640155790166,-5.583401141366906
289,46.81225,6.943999,1215.46,2023-03-27 02:59:53.869827586,0.5434777500000223,-0.7748805986811362,91.0508361777192,0.0041432794001776,87498.1,1.1109073151816196,11917.312132043196,1215.2276396163006,5.909503266383732,297.3653505475586,-7.217218849456808,-3.570406794261236
290,46.812244,6.943999,1218.2683333333334,2023-03-27 02:59:54.250000000,0.5235298333333276,-0.7948200401985446,91.04852484425348,0.0041390013345328,87460.43333333333,1.1105129162170373,11944.84193315808,1218.0348980699914,5.854252274850528,297.0600596178308,-7.927542269022083,-4.115574145255436
291,46.812244,6.943999,1220.63,2023-03-27 02:59:54.630172413,0.5064318333333517,-0.8103478360686154,91.05612545508,0.0041356524490519,87431.26666666666,1.1102142220290965,11967.993088326635,1220.395658897446,5.812426327348168,296.9182749120815,-8.077920246476243,-3.830009122998825
292,46.812244,6.9439993,1223.3041666666668,2023-03-27 02:59:55.010344827,0.48363420000004,-0.8254666503048043,91.10309346118773,0.0041320667415098,87408.725,1.1100228957586906,11994.207625409565,1223.0687977453629,5.79885253317261,296.68676200279697,-9.51041113516621,-3.621034436342434
293,46.812244,6.9439993,1225.8491666666664,2023-03-27 02:59:55.390517241,0.4665357999999742,-0.8323043058690587,91.16759089420648,0.0041309472507145,87386.875,1.1098155469816602,12019.155936575662,1225.612817483612,5.805789504296538,296.368490696336,-7.493497249216759,-1.187681261126615
294,46.812244,6.9439993,1228.51625,2023-03-27 02:59:55.770689655,0.44943769999997585,-0.8490082893474096,91.16774482124045,0.0041275252398293,87352.0625,1.109445080655685,12045.300993691251,1228.278871346612,5.808997901888229,295.7048788232851,-7.147976859200335,-3.463131110820384
295,46.812244,6.9439993,1230.9699999999998,2023-03-27 02:59:56.150862068,0.4294899333333433,-0.8608303948595903,91.21826363036244,0.004125418342217,87319.5375,1.1091142883616996,12069.35475362645,1230.731672245512,5.840484104590407,295.18567009547314,-9.061630074808209,-2.316915173115761
296,46.812244,6.9439993,1232.965416666667,2023-03-27 02:59:56.531034482,0.4152414975000056,-0.868644382389391,91.25907109354743,0.0041238200833029,87302.20000000001,1.108952898414446,12088.915523828557,1232.7263156968545,5.868256410844315,294.7395127123609,-7.958161671992596,-2.160971095957783
297,46.812244,6.9439993,1235.63125,2023-03-27 02:59:56.911206896,0.3895941450000464,-0.8847306161729875,91.31917984872427,0.0041203543580494,87270.84999999999,1.1086609435470736,12115.048268869656,1235.3911140776572,5.894038772969398,294.38050875864195,-10.719495759517123,-3.5065851800720758
298,46.812244,6.9439993,1237.785,2023-03-27 02:59:57.291379310,0.37677034624999806,-0.9000677844757661,91.30156169360995,0.0041169523595215,87245.0,1.1083867980326791,12136.16112550018,1237.5440262984996,5.940146560444019,294.15286937516555,-6.632523682554833,-4.259490494664212
299,46.812244,6.9439993,1240.8241666666668,2023-03-27 02:59:57.671551724,0.3639467325000396,-0.9096752184194656,91.32223585774514,0.0041155375993957,87212.96666666667,1.108032712635894,12165.953551595265,1240.58200828981,5.968970505333729,294.1635961394746,-4.6986657900258,-1.2549038092577034
300,46.812244,6.9439993,1242.8091666666664,2023-03-27 02:59:58.051724137,0.3439988000000085,-0.9152437654855703,91.41466335780189,0.0041145882215074,87195.05,1.1078865183363953,12185.412148491543,1242.5662329635038,5.996295482817878,294.1491936839879,-11.189191794894333,-1.2891529982443302
301,46.812244,6.9439993,1245.8337499999998,2023-03-27 02:59:58.431896551,0.31265200000001414,-0.9205090098220694,91.58225770393038,0.0041141617725243,87166.125,1.107646263095049,12215.061569897282,1245.5896325347885,6.013598656840304,294.1535356318346,-11.537050847572754,-0.3799564263333221
302,46.812244,6.9439993,1248.40375,2023-03-27 02:59:58.812068965,0.2984035999999719,-0.9265834932963912,91.63466391056338,0.0041137441218665,87134.84166666667,1.1073067153603449,12240.254774238349,1248.1586244271334,6.004331580364593,294.0930592193529,-6.169741536247091,-0.4378037975386621
303,46.812244,6.9439993,1250.805833333333,2023-03-27 02:59:59.192241379,0.28415520000004335,-0.9320550684578848,91.69100306884602,0.0041132309198214,87109.31666666668,1.1070403773438298,12263.801906120134,1250.559763642032,5.9814017220741365,294.01291609663593,-6.599447097911458,-0.5754342618565119
304,46.812244,6.9439993,1253.24875,2023-03-27 02:59:59.572413793,0.2756061333333264,-0.9420788843440846,91.68045496119832,0.0041112855804485,87086.62499999999,1.1067879092537063,12287.749300572774,1253.0017182802255,5.967089786952193,294.0678697916107,-3.892606641042891,-2.144293063796915
305,46.812244,6.9439993,1255.80625,2023-03-27 02:59:59.952586206,0.2656323000000498,-0.9526909934913306,91.67451715801268,0.0041093779690854,87059.27500000001,1.106481984048095,12312.81991144558,1255.5582091178517,5.947318516903163,294.0909292309269,-4.336674967627895,-2.0079517931875004
306,46.812244,6.9439993,1258.035,2023-03-27 03:00:00.332758620,0.2442593999999758,-0.9573761623930181,91.78236158409705,0.0041093077176695,87028.15000000001,1.106172921285095,12334.66784181502,1257.786077999625,5.919492221745218,294.3138643463818,-10.660834030501812,-0.0848305495478742
307,46.812244,6.9439993,1260.9916666666668,2023-03-27 03:00:00.712931034,0.21861200000000736,-0.9677003139579483,91.88187167403576,0.0041077221647944,86993.23333333334,1.1058338898633775,12363.651350407532,1260.7415733617015,5.889557737507869,294.57555231854843,-9.640441801831052,-1.4427945995655769
308,46.812244,6.9439993,1262.9041666666667,2023-03-27 03:00:01.093103448,0.2072133333333568,-0.9739149405385206,91.91529365014448,0.0041065805191384,86976.83333333333,1.105672278174437,12382.39912416148,1262.653314247116,5.886313879780061,294.5848420264425,-6.622852648466634,-1.6058084298961184
309,46.812244,6.9439993,1265.94625,2023-03-27 03:00:01.473275862,0.1844159999999988,-0.9820343464300549,92.00957601173856,0.0041053173061204,86949.29999999999,1.1054153191725484,12412.219906190652,1265.6941877389988,5.8861237275897125,294.4858426682523,-8.325388010562373,-1.116784641570413
310,46.812244,6.9439993,1268.1275,2023-03-27 03:00:01.853448275,0.1758670000000393,-0.9918511059653383,91.99988910232054,0.0041038205141154,86918.55,1.1050599691113672,12433.60213679903,1267.8745684610983,5.9015362194141145,294.24899178278514,-4.3527305280514925,-1.8449369081515656
311,46.812244,6.9439993,1270.6799999999998,2023-03-27 03:00:02.233620689,0.16161825000000363,-0.9993945882213779,92.04348505102404,0.004102922994668,86888.34166666666,1.1047340858502182,12458.623616681123,1270.4260493319457,5.884315532944771,294.4281422133031,-6.197761098839731,-0.9450973997792144
312,46.812244,6.9439993,1273.1966666666667,2023-03-27 03:00:02.613793103,0.14451983333333374,-1.0064261503039234,92.10885603269224,0.004102036812865,86860.6,1.1044510461710335,12483.293812240125,1272.9417091708306,5.8666950936713045,294.6605532860561,-7.541239468706031,-0.9462046341953676
313,46.812244,6.9439993,1275.669583333333,2023-03-27 03:00:02.993965517,0.12599683333331768,-1.0151913020558823,92.17145166850838,0.0041008249408984,86828.75,1.1041217226933906,12507.535119481665,1275.413634572628,5.82506851132194,294.9498705851313,-8.311604341485065,-1.3164567280631652
314,46.812244,6.9439993,1278.20875,2023-03-27 03:00:03.374137931,0.1031992500000456,-1.0262642048343764,92.24758641925548,0.0040988057193997,86798.90000000001,1.103835568226723,12532.42583723672,1277.951781417377,5.757835171045326,295.43742857484244,-9.96019977802846,-2.135703262651697
315,46.812244,6.9439993,1280.8329166666667,2023-03-27 03:00:03.754310344,0.08182649999997693,-1.032457252158963,92.34621855484346,0.0040978600407481,86776.91666666667,1.103642960147206,12558.149764561307,1280.574891992812,5.686701674236288,295.8911625379589,-9.033658114398753,-0.9676667623990778
316,46.812244,6.9439993,1283.0004166666663,2023-03-27 03:00:04.134482758,0.07612716666665165,-1.0379342905835074,92.34706458344462,0.0040973580639913,86752.65,1.103357691073744,12579.397108018562,1282.7415180534192,5.633122858658777,296.1605927535718,-2.9157302346775382,-0.6217080792541497
317,46.812244,6.9439993,1285.705,2023-03-27 03:00:04.514655172,0.06900300000000925,-1.044185095369528,92.35262644265843,0.0040964930660304,86731.0,1.1031116690454192,12605.909295772815,1285.4450088228718,5.578312102565682,296.3517200539775,-2.9202446978777976,-0.8583817360969093
318,46.812244,6.9439993,1287.8975,2023-03-27 03:00:04.894827586,0.05190499999997655,-1.0515275316059842,92.4163192671582,0.004095649407262,86700.5,1.1027933122077551,12627.401673605516,1287.636621436017,5.513899453750326,296.56035860912215,-8.643027526744751,-1.032448407924003
319,46.812244,6.9439993,1290.47375,2023-03-27 03:00:05.275000000,0.02768250000002581,-1.0648761399654063,92.4865611432068,0.0040931401185665,86666.72499999999,1.1024631269439786,12652.655811285053,1290.211826799677,5.434313026298702,296.5238758948857,-10.41744207971345,-2.612613466642634
320,46.812244,6.944,1293.065,2023-03-27 03:00:05.655172413,0.021982999999977437,-1.0784737286066388,92.43353373553524,0.0040903926950939,86639.54166666667,1.1021421692198703,12678.056968422768,1292.8020239758498,5.373313805310573,296.7051780898293,-2.4363020125175705,-2.843181895486248
321,46.812244,6.944,1295.66125,2023-03-27 03:00:06.035344827,0.010584250000022166,-1.0927019853019146,92.41422445096352,0.0040870822003317,86619.4,1.1019341228390975,12703.50711812367,1295.3972170031225,5.342858673941342,297.0408818135124,-4.862195451372779,-3.41865585521514
322,46.812244,6.944,1298.21875,2023-03-27 03:00:06.415517241,-0.007938874999979362,-1.097745351118192,92.50265341522038,0.0040869380504179,86588.2,1.1016119960615487,12728.577394522365,1297.953673733881,5.297579849356106,297.4981819264666,-8.018503690349704,-0.1510713993726793
323,46.812244,6.944,1300.68625,2023-03-27 03:00:06.795689655,-0.015063250000025619,-1.1050947206397836,92.50079249373302,0.0040863611764244,86553.77500000001,1.1012031328665917,12752.765413338768,1300.4201652285712,5.269014367561952,297.8605754816306,-3.195384393136811,-0.6263922853940184
324,46.812244,6.944,1302.7291666666663,2023-03-27 03:00:07.175862068,-0.020762749999960306,-1.1106070061470064,92.50157865130112,0.0040853610658818,86539.8375,1.1010494521353824,12772.79137958772,1302.4622454750318,5.257295587675291,297.883420702252,-3.087158968407057,-1.3114750229463112
325,46.812244,6.944,1305.9220833333334,2023-03-27 03:00:07.556034482,-0.029312000000004446,-1.1176166792843674,92.5108767420613,0.0040845273309925,86512.69166666667,1.1007390946894278,12804.090350216564,1305.653852255007,5.271701499052576,298.0359956358624,-2.9620397777787377,-0.6993288122270559
326,46.812244,6.944,1308.0241666666666,2023-03-27 03:00:07.936206896,-0.0464099999999803,-1.1274744882432515,92.557578778994,0.0040826992057421,86487.47499999999,1.1004883635586256,12824.696271568606,1307.7550714636095,5.275302333862525,298.2795221176432,-8.995947254070375,-2.328623427880948
327,46.812244,6.944,1310.8679166666666,2023-03-27 03:00:08.316379310,-0.07490699999999606,-1.1417756490161537,92.6499087546597,0.0040799172139408,86453.04166666667,1.1001668670241795,12852.572446757897,1310.5976502432427,5.278483981768769,298.66059537411803,-11.079810983959913,-2.6186820819934686
328,46.812244,6.944,1312.775,2023-03-27 03:00:08.696551724,-0.08345616666667866,-1.1448278334711404,92.68593281163528,0.0040798052595383,86435.15000000001,1.0999736945934244,12871.266828956448,1312.5039467051895,5.294423169996353,299.99881710532526,-4.955671087392811,-0.1571139836677219
329,46.812244,6.944,1315.7937499999998,2023-03-27 03:00:09.076724137,-0.10482866666666268,-1.1555846200950555,92.75558631621118,0.0040780117750504,86403.0,1.0996517969103248,12900.85841604356,1315.5214488172371,5.333679778150375,301.6017695597666,-7.824370871921691,-1.5895987923260586
330,46.812244,6.944,1317.8391666666666,2023-03-27 03:00:09.456896551,-0.12335159999997813,-1.164699699495543,92.81730553557352,0.0040762902357384,86379.95000000001,1.099434154056019,12920.908793587809,1317.566018323057,5.356932410017392,302.92823327670914,-10.00606360611168,-2.251478260473578
331,46.812244,6.944,1321.0258333333331,2023-03-27 03:00:09.837068965,-0.13190069999996012,-1.1780884228124933,92.78445898100033,0.0040739243620537,86345.80833333335,1.099035590598682,12952.146349356844,1320.7513625302058,5.539069146896322,304.47585652089555,-2.9632041820373334,-1.985325954896409
332,46.812244,6.944,1322.75,2023-03-27 03:00:10.217241379,-0.13760009999998601,-1.1851453859543994,92.77512110986213,0.0040726014506043,86329.22499999999,1.0988483282347483,12969.0476184382,1322.4748123404222,5.651678088203236,305.43411039799497,-3.650511382938684,-2.051426802484427
333,46.812244,6.944,1326.185,2023-03-27 03:00:10.597413793,-0.14899889999998095,-1.1971159790103343,92.77077572643704,0.0040709351638374,86288.66666666667,1.09837903950948,13002.71942830926,1325.9083813850052,5.823199656017658,306.86639900738743,-3.66311616027327,-1.2964126990484943
334,46.812244,6.944,1327.8575,2023-03-27 03:00:10.977586206,-0.15469830166665588,-1.2026763236701754,92.77150340884108,0.0040700084434997,86272.98333333334,1.098202941414032,13019.114204661584,1327.5801833104665,5.963632812022173,307.68462378745744,-3.761073347088818,-1.48058835007414
335,46.812244,6.9439993,1331.1058333333333,2023-03-27 03:00:11.357758620,-0.17179650333332575,-1.218986479505304,92.77617782124854,0.0040668067653918,86237.12499999999,1.0978173508066236,13050.956152225524,1330.8271583288406,6.08723527043355,308.5568407460433,-5.807456942907442,-2.6328014676588327
336,46.812244,6.9439993,1332.7174999999995,2023-03-27 03:00:11.737931034,-0.17749590166664575,-1.2292186755262833,92.74571523811554,0.0040644098725965,86223.675,1.0976706331729689,13066.754582065538,1332.4381498335863,6.182158401065228,309.0009554059937,-3.9011432191160735,-3.972087404652848
337,46.812244,6.9439993,1335.7591666666667,2023-03-27 03:00:12.118103448,-0.19459403333331693,-1.239809025692466,92.78829288134116,0.0040627689879696,86190.21666666666,1.0973145002024185,13096.57062483341,1335.4785400553103,6.327413161571959,309.7961464432814,-6.199179597771824,-1.4403653233795968
338,46.812244,6.943999,1337.808125,2023-03-27 03:00:12.498275862,-0.20456799999999475,-1.2496159194042207,92.78913495373456,0.0040611894677685,86161.49375,1.0969899408990873,13116.655593726442,1337.5266368970488,6.447243040135483,310.74805735292534,-5.366652718519871,-2.0576485913310454
339,46.812244,6.943999,1340.510625,2023-03-27 03:00:12.878448275,-0.2088426000000254,-1.277671310994208,92.63033256214788,0.0040543739162888,86131.89374999999,1.0966347767736937,13143.146902498724,1340.2279986028586,6.503127945706126,311.06261742712746,-1.7432426981983442,-6.729417133092829
340,46.812244,6.943999,1343.035625,2023-03-27 03:00:13.258620689,-0.21311714999995957,-1.3090815146574073,92.44904245618272,0.0040464902651159,86104.44374999999,1.0963076920507129,13167.898243721313,1342.751932996621,6.562287691057722,311.3376986488189,-1.8652091704081184,-8.328848685809
341,46.812244,6.943999,1345.6435,2023-03-27 03:00:13.638793103,-0.22081144999998514,-1.3353825972012032,92.32497728328428,0.0040401756378854,86074.92875,1.095966976546514,13193.461947436645,1345.3587053108497,6.60270326168157,311.5975657675555,-3.249719484707021,-6.457301283624117
342,46.812244,6.943999,1348.0849999999998,2023-03-27 03:00:14.018965517,-0.22423119999996288,-1.36288823897263,92.16497811619874,0.0040335764715531,86044.93500000001,1.0956031754397049,13217.394740631988,1347.7991710351637,6.7072847922134695,312.19641277663885,-1.54225779398162,-7.205827299512296
343,46.812244,6.9439993,1350.481,2023-03-27 03:00:14.399137931,-0.22594099999997752,-1.3817631162750672,92.05121393378386,0.0040294584966378,86015.875,1.0952427465081276,13240.881502404383,1350.19415421213,6.7704829340415,312.57091137503835,-0.7854796653669994,-4.580470864836139
344,46.812244,6.944,1353.2453571428573,2023-03-27 03:00:14.779310344,-0.2401894999999854,-1.3916349612799195,92.07950675553788,0.00402789015902,85986.07083333333,1.094921438513491,13267.97905873712,1352.9573359645874,6.880662854914839,313.4613769507001,-5.671840593302133,-1.511588862953433
345,46.812244,6.944,1355.5790625,2023-03-27 03:00:15.159482758,-0.24517653125002425,-1.3817009414829045,92.1781857541678,0.004031909900235,85961.11875000001,1.0946210478649498,13290.855141097669,1355.2900471718344,6.935453901118485,313.8811863366573,-2.350855433691289,4.587965271857303
346,46.812244,6.944,1358.4376363636363,2023-03-27 03:00:15.539655172,-0.25197671590910886,-1.3524009742092744,92.41777923219968,0.0040418038188063,85930.75454545456,1.0942551073697135,13318.87620962537,1358.1474009601006,7.039666915224473,314.5999804891837,-2.616109582953241,9.215857115671623
347,46.812244,6.944,1360.0052692307693,2023-03-27 03:00:15.919827586,-0.25513912307690134,-1.3350152453029978,92.55413646630208,0.0040476453809777,85913.72653846153,1.0940470905236068,13334.242864297266,1359.7143636509172,7.039666915224473,314.5999804891837,-2.2180713008283317,9.92000952868042
348,46.812244,6.9439993,1360.8175,2023-03-27 03:00:16.300000000,-0.2558624999999779,-1.325094162005712,92.62468640161624,0.0040509911194694,85904.00624999999,1.093924007200713,13342.204718972916,1360.5262468807307,7.196967309015873,314.7821977636946,-0.9791256493200896,10.964457933604898
